date,rate
2019/04/01,2.454301
2019/04/01,2.482117
2019/04/01,2.568761
2019/04/01,2.585924
2019/04/01,2.587769
2019/04/01,2.583908
2019/04/01,2.577068
2019/04/01,2.557767
2019/04/01,2.543235
2019/04/01,2.513974
2019/04/01,2.481803
2019/04/01,2.450928
2019/04/01,2.425979
2019/04/01,2.403814
2019/04/01,2.386652
2019/04/01,2.372648
2019/04/01,2.362704
2019/04/01,2.35548
2019/04/01,2.350766
2019/04/01,2.348718
2019/04/01,2.349139
2019/04/01,2.351426
2019/04/01,2.355019
2019/04/01,2.360095
2019/04/01,2.366682
2019/04/01,2.374084
2019/04/01,2.382418
2019/04/01,2.391562
2019/04/01,2.401835
2019/04/01,2.412294
2019/04/01,2.423306
2019/04/01,2.434621
2019/04/01,2.446028
2019/04/01,2.457342
2019/04/01,2.468909
2019/04/01,2.480054
2019/04/01,2.490974
2019/04/01,2.501384
2019/04/01,2.512218
2019/04/01,2.52272
2019/04/01,2.533058
2019/04/01,2.54369
2019/04/01,2.553442
2019/04/01,2.562822
2019/04/01,2.572111
2019/04/02,2.453166
2019/04/02,2.473359
2019/04/02,2.567721
2019/04/02,2.585571
2019/04/02,2.587527
2019/04/02,2.583698
2019/04/02,2.576853
2019/04/02,2.555789
2019/04/02,2.537811
2019/04/02,2.50545
2019/04/02,2.470371
2019/04/02,2.437438
2019/04/02,2.410963
2019/04/02,2.38705
2019/04/02,2.368501
2019/04/02,2.353369
2019/04/02,2.34249
2019/04/02,2.33448
2019/04/02,2.329439
2019/04/02,2.327129
2019/04/02,2.32734
2019/04/02,2.329413
2019/04/02,2.332831
2019/04/02,2.337751
2019/04/02,2.344199
2019/04/02,2.351716
2019/04/02,2.360155
2019/04/02,2.369396
2019/04/02,2.379758
2019/04/02,2.3903
2019/04/02,2.401387
2019/04/02,2.412773
2019/04/02,2.424245
2019/04/02,2.435621
2019/04/02,2.447245
2019/04/02,2.458443
2019/04/02,2.469413
2019/04/02,2.479869
2019/04/02,2.490748
2019/04/02,2.501292
2019/04/02,2.511669
2019/04/02,2.522341
2019/04/02,2.532127
2019/04/02,2.541541
2019/04/02,2.550861
2019/04/03,2.44594
2019/04/03,2.465116
2019/04/03,2.56722
2019/04/03,2.58553
2019/04/03,2.590213
2019/04/03,2.588214
2019/04/03,2.582262
2019/04/03,2.564526
2019/04/03,2.549465
2019/04/03,2.519825
2019/04/03,2.486532
2019/04/03,2.454867
2019/04/03,2.428703
2019/04/03,2.405036
2019/04/03,2.386687
2019/04/03,2.371722
2019/04/03,2.360986
2019/04/03,2.353491
2019/04/03,2.348924
2019/04/03,2.346996
2019/04/03,2.347519
2019/04/03,2.350232
2019/04/03,2.354459
2019/04/03,2.360102
2019/04/03,2.367202
2019/04/03,2.375309
2019/04/03,2.384515
2019/04/03,2.394455
2019/04/03,2.405248
2019/04/03,2.416186
2019/04/03,2.427639
2019/04/03,2.439364
2019/04/03,2.451151
2019/04/03,2.462818
2019/04/03,2.474716
2019/04/03,2.486169
2019/04/03,2.497378
2019/04/03,2.508059
2019/04/03,2.519148
2019/04/03,2.529891
2019/04/03,2.540456
2019/04/03,2.551318
2019/04/03,2.561272
2019/04/03,2.570844
2019/04/03,2.580315
2019/04/04,2.44214
2019/04/04,2.458609
2019/04/04,2.560737
2019/04/04,2.577615
2019/04/04,2.581751
2019/04/04,2.579322
2019/04/04,2.573976
2019/04/04,2.557318
2019/04/04,2.545406
2019/04/04,2.51758
2019/04/04,2.485474
2019/04/04,2.45465
2019/04/04,2.42912
2019/04/04,2.405947
2019/04/04,2.387998
2019/04/04,2.373362
2019/04/04,2.362904
2019/04/04,2.355253
2019/04/04,2.350546
2019/04/04,2.348508
2019/04/04,2.348942
2019/04/04,2.351246
2019/04/04,2.354856
2019/04/04,2.359949
2019/04/04,2.366555
2019/04/04,2.374215
2019/04/04,2.382785
2019/04/04,2.392146
2019/04/04,2.402409
2019/04/04,2.412657
2019/04/04,2.423474
2019/04/04,2.434797
2019/04/04,2.446211
2019/04/04,2.457532
2019/04/04,2.469105
2019/04/04,2.480256
2019/04/04,2.49118
2019/04/04,2.501594
2019/04/04,2.512433
2019/04/04,2.522939
2019/04/04,2.533281
2019/04/04,2.543915
2019/04/04,2.553669
2019/04/04,2.563052
2019/04/04,2.572343
2019/04/05,2.459621
2019/04/05,2.469134
2019/04/05,2.569989
2019/04/05,2.585135
2019/04/05,2.588642
2019/04/05,2.58573
2019/04/05,2.580124
2019/04/05,2.566575
2019/04/05,2.554843
2019/04/05,2.524998
2019/04/05,2.490692
2019/04/05,2.458315
2019/04/05,2.431637
2019/04/05,2.407578
2019/04/05,2.388417
2019/04/05,2.372796
2019/04/05,2.361523
2019/04/05,2.353187
2019/04/05,2.347465
2019/04/05,2.344618
2019/04/05,2.344103
2019/04/05,2.345433
2019/04/05,2.348244
2019/04/05,2.352623
2019/04/05,2.358588
2019/04/05,2.365428
2019/04/05,2.373254
2019/04/05,2.381936
2019/04/05,2.391577
2019/04/05,2.401254
2019/04/05,2.411738
2019/04/05,2.422566
2019/04/05,2.433701
2019/04/05,2.444587
2019/04/05,2.455588
2019/04/05,2.466202
2019/04/05,2.476625
2019/04/05,2.486566
2019/04/05,2.496813
2019/04/05,2.50676
2019/04/05,2.516574
2019/04/05,2.526673
2019/04/05,2.535956
2019/04/05,2.544892
2019/04/05,2.553758
2019/04/08,2.4467
2019/04/08,2.452475
2019/04/08,2.570285
2019/04/08,2.58346
2019/04/08,2.586124
2019/04/08,2.582489
2019/04/08,2.578207
2019/04/08,2.566989
2019/04/08,2.557703
2019/04/08,2.530211
2019/04/08,2.49829
2019/04/08,2.467606
2019/04/08,2.442211
2019/04/08,2.419153
2019/04/08,2.400804
2019/04/08,2.385857
2019/04/08,2.374727
2019/04/08,2.36652
2019/04/08,2.360923
2019/04/08,2.358181
2019/04/08,2.357756
2019/04/08,2.35886
2019/04/08,2.361489
2019/04/08,2.365708
2019/04/08,2.371531
2019/04/08,2.378245
2019/04/08,2.385957
2019/04/08,2.394537
2019/04/08,2.404086
2019/04/08,2.413879
2019/04/08,2.424473
2019/04/08,2.43559
2019/04/08,2.446993
2019/04/08,2.458129
2019/04/08,2.469363
2019/04/08,2.480195
2019/04/08,2.490821
2019/04/08,2.501106
2019/04/08,2.511676
2019/04/08,2.521928
2019/04/08,2.53203
2019/04/08,2.542421
2019/04/08,2.55196
2019/04/08,2.561139
2019/04/08,2.570236
2019/04/09,2.445058
2019/04/09,2.448138
2019/04/09,2.568659
2019/04/09,2.580328
2019/04/09,2.581043
2019/04/09,2.576066
2019/04/09,2.571119
2019/04/09,2.556971
2019/04/09,2.544978
2019/04/09,2.514813
2019/04/09,2.480264
2019/04/09,2.446985
2019/04/09,2.419669
2019/04/09,2.39513
2019/04/09,2.375609
2019/04/09,2.359709
2019/04/09,2.347793
2019/04/09,2.338925
2019/04/09,2.332727
2019/04/09,2.329506
2019/04/09,2.328694
2019/04/09,2.329725
2019/04/09,2.332293
2019/04/09,2.33646
2019/04/09,2.342237
2019/04/09,2.348909
2019/04/09,2.356585
2019/04/09,2.365131
2019/04/09,2.374862
2019/04/09,2.384822
2019/04/09,2.395375
2019/04/09,2.406268
2019/04/09,2.417463
2019/04/09,2.428406
2019/04/09,2.439458
2019/04/09,2.450121
2019/04/09,2.460589
2019/04/09,2.470725
2019/04/09,2.481155
2019/04/09,2.491276
2019/04/09,2.501253
2019/04/09,2.511517
2019/04/09,2.520945
2019/04/09,2.530018
2019/04/09,2.539015
2019/04/10,2.447207
2019/04/10,2.513873
2019/04/10,2.52427
2019/04/10,2.560829
2019/04/10,2.568568
2019/04/10,2.568168
2019/04/10,2.565443
2019/04/10,2.553288
2019/04/10,2.5409
2019/04/10,2.508352
2019/04/10,2.471362
2019/04/10,2.43562
2019/04/10,2.405835
2019/04/10,2.378818
2019/04/10,2.357332
2019/04/10,2.339836
2019/04/10,2.326599
2019/04/10,2.316619
2019/04/10,2.309408
2019/04/10,2.305378
2019/04/10,2.304207
2019/04/10,2.304871
2019/04/10,2.307422
2019/04/10,2.311574
2019/04/10,2.317339
2019/04/10,2.324242
2019/04/10,2.332359
2019/04/10,2.341308
2019/04/10,2.351409
2019/04/10,2.361709
2019/04/10,2.372577
2019/04/10,2.38376
2019/04/10,2.395226
2019/04/10,2.40642
2019/04/10,2.417707
2019/04/10,2.428589
2019/04/10,2.439262
2019/04/10,2.449592
2019/04/10,2.460203
2019/04/10,2.470495
2019/04/10,2.480633
2019/04/10,2.491062
2019/04/10,2.500634
2019/04/10,2.509843
2019/04/10,2.518969
2019/04/11,2.44062
2019/04/11,2.504393
2019/04/11,2.512403
2019/04/11,2.560641
2019/04/11,2.569975
2019/04/11,2.570539
2019/04/11,2.568268
2019/04/11,2.56052
2019/04/11,2.552874
2019/04/11,2.524088
2019/04/11,2.490422
2019/04/11,2.457023
2019/04/11,2.428986
2019/04/11,2.403897
2019/04/11,2.38395
2019/04/11,2.367243
2019/04/11,2.354664
2019/04/11,2.345242
2019/04/11,2.338543
2019/04/11,2.334925
2019/04/11,2.33409
2019/04/11,2.335099
2019/04/11,2.337934
2019/04/11,2.342341
2019/04/11,2.348336
2019/04/11,2.355448
2019/04/11,2.363755
2019/04/11,2.372878
2019/04/11,2.383137
2019/04/11,2.393585
2019/04/11,2.404587
2019/04/11,2.415896
2019/04/11,2.427478
2019/04/11,2.43878
2019/04/11,2.449999
2019/04/11,2.460818
2019/04/11,2.471431
2019/04/11,2.481704
2019/04/11,2.492114
2019/04/11,2.502215
2019/04/11,2.512174
2019/04/11,2.522419
2019/04/11,2.531831
2019/04/11,2.540888
2019/04/11,2.549869
2019/04/12,2.444673
2019/04/12,2.509199
2019/04/12,2.515316
2019/04/12,2.56797
2019/04/12,2.57969
2019/04/12,2.581716
2019/04/12,2.580135
2019/04/12,2.579027
2019/04/12,2.576644
2019/04/12,2.575427
2019/04/12,2.55456
2019/04/12,2.527804
2019/04/12,2.500016
2019/04/12,2.4768
2019/04/12,2.455434
2019/04/12,2.438452
2019/04/12,2.424162
2019/04/12,2.413163
2019/04/12,2.40468
2019/04/12,2.39884
2019/04/12,2.395912
2019/04/12,2.395343
2019/04/12,2.396623
2019/04/12,2.399401
2019/04/12,2.403758
2019/04/12,2.409708
2019/04/12,2.416537
2019/04/12,2.424588
2019/04/12,2.433477
2019/04/12,2.443523
2019/04/12,2.453977
2019/04/12,2.464986
2019/04/12,2.4763
2019/04/12,2.487886
2019/04/12,2.499193
2019/04/12,2.510585
2019/04/12,2.521565
2019/04/12,2.532329
2019/04/12,2.542744
2019/04/12,2.553287
2019/04/12,2.563514
2019/04/12,2.573591
2019/04/12,2.583955
2019/04/12,2.593472
2019/04/12,2.602629
2019/04/12,2.611705
2019/04/15,2.443407
2019/04/15,2.505658
2019/04/15,2.565942
2019/04/15,2.580174
2019/04/15,2.583498
2019/04/15,2.582475
2019/04/15,2.581763
2019/04/15,2.579941
2019/04/15,2.577825
2019/04/15,2.555235
2019/04/15,2.527325
2019/04/15,2.498721
2019/04/15,2.47492
2019/04/15,2.453689
2019/04/15,2.436829
2019/04/15,2.422646
2019/04/15,2.412176
2019/04/15,2.404145
2019/04/15,2.398726
2019/04/15,2.395799
2019/04/15,2.395236
2019/04/15,2.396526
2019/04/15,2.399314
2019/04/15,2.403415
2019/04/15,2.409137
2019/04/15,2.416006
2019/04/15,2.423861
2019/04/15,2.432575
2019/04/15,2.442249
2019/04/15,2.452159
2019/04/15,2.462666
2019/04/15,2.473517
2019/04/15,2.484674
2019/04/15,2.495581
2019/04/15,2.5066
2019/04/15,2.51723
2019/04/15,2.527667
2019/04/15,2.537774
2019/04/15,2.548028
2019/04/15,2.557981
2019/04/15,2.5678
2019/04/15,2.577903
2019/04/15,2.587189
2019/04/15,2.596127
2019/04/15,2.604995
2019/04/16,2.44594
2019/04/16,2.508742
2019/04/16,2.571047
2019/04/16,2.58542
2019/04/16,2.588718
2019/04/16,2.588573
2019/04/16,2.587698
2019/04/16,2.585641
2019/04/16,2.58606
2019/04/16,2.567023
2019/04/16,2.542293
2019/04/16,2.516672
2019/04/16,2.495741
2019/04/16,2.476724
2019/04/16,2.461627
2019/04/16,2.449351
2019/04/16,2.440464
2019/04/16,2.433771
2019/04/16,2.429575
2019/04/16,2.427969
2019/04/16,2.428478
2019/04/16,2.430867
2019/04/16,2.434559
2019/04/16,2.439736
2019/04/16,2.446427
2019/04/16,2.453928
2019/04/16,2.462591
2019/04/16,2.47204
2019/04/16,2.4826
2019/04/16,2.493324
2019/04/16,2.504583
2019/04/16,2.516129
2019/04/16,2.527931
2019/04/16,2.539438
2019/04/16,2.551016
2019/04/16,2.56217
2019/04/16,2.573097
2019/04/16,2.583664
2019/04/16,2.59435
2019/04/16,2.604711
2019/04/16,2.614915
2019/04/16,2.625407
2019/04/16,2.635036
2019/04/16,2.644299
2019/04/16,2.653476
2019/04/17,2.446447
2019/04/17,2.51298
2019/04/17,2.575325
2019/04/17,2.590096
2019/04/17,2.593526
2019/04/17,2.593426
2019/04/17,2.592578
2019/04/17,2.590555
2019/04/17,2.588281
2019/04/17,2.566578
2019/04/17,2.540108
2019/04/17,2.513266
2019/04/17,2.491437
2019/04/17,2.471732
2019/04/17,2.456612
2019/04/17,2.444321
2019/04/17,2.435426
2019/04/17,2.428726
2019/04/17,2.424922
2019/04/17,2.423629
2019/04/17,2.424394
2019/04/17,2.427047
2019/04/17,2.430957
2019/04/17,2.436329
2019/04/17,2.443196
2019/04/17,2.451099
2019/04/17,2.459895
2019/04/17,2.469468
2019/04/17,2.480141
2019/04/17,2.491172
2019/04/17,2.502715
2019/04/17,2.514523
2019/04/17,2.526569
2019/04/17,2.538302
2019/04/17,2.550093
2019/04/17,2.561444
2019/04/17,2.572556
2019/04/17,2.583296
2019/04/17,2.594146
2019/04/17,2.604661
2019/04/17,2.61501
2019/04/17,2.62565
2019/04/17,2.635408
2019/04/17,2.644794
2019/04/17,2.654087
2019/04/18,2.443913
2019/04/18,2.503763
2019/04/18,2.569461
2019/04/18,2.584647
2019/04/18,2.58963
2019/04/18,2.589316
2019/04/18,2.587534
2019/04/18,2.584199
2019/04/18,2.57954
2019/04/18,2.554272
2019/04/18,2.523708
2019/04/18,2.493242
2019/04/18,2.468739
2019/04/18,2.446398
2019/04/18,2.429193
2019/04/18,2.415209
2019/04/18,2.405345
2019/04/18,2.39823
2019/04/18,2.393655
2019/04/18,2.391748
2019/04/18,2.392016
2019/04/18,2.394163
2019/04/18,2.397941
2019/04/18,2.403196
2019/04/18,2.409704
2019/04/18,2.417284
2019/04/18,2.425787
2019/04/18,2.435092
2019/04/18,2.445522
2019/04/18,2.456329
2019/04/18,2.467666
2019/04/18,2.479284
2019/04/18,2.491153
2019/04/18,2.502722
2019/04/18,2.51436
2019/04/18,2.525567
2019/04/18,2.536545
2019/04/18,2.547159
2019/04/18,2.55789
2019/04/18,2.568294
2019/04/18,2.578537
2019/04/18,2.58907
2019/04/18,2.598734
2019/04/18,2.60803
2019/04/18,2.617238
2019/04/22,2.443913
2019/04/22,2.503763
2019/04/22,2.569461
2019/04/22,2.584647
2019/04/22,2.58963
2019/04/22,2.589316
2019/04/22,2.587534
2019/04/22,2.584199
2019/04/22,2.57954
2019/04/22,2.554272
2019/04/22,2.523708
2019/04/22,2.493242
2019/04/22,2.468739
2019/04/22,2.446398
2019/04/22,2.429193
2019/04/22,2.415209
2019/04/22,2.405345
2019/04/22,2.39823
2019/04/22,2.393655
2019/04/22,2.391748
2019/04/22,2.392016
2019/04/22,2.394163
2019/04/22,2.397941
2019/04/22,2.403196
2019/04/22,2.409704
2019/04/22,2.417284
2019/04/22,2.425787
2019/04/22,2.435092
2019/04/22,2.445522
2019/04/22,2.456329
2019/04/22,2.467666
2019/04/22,2.479284
2019/04/22,2.491153
2019/04/22,2.502722
2019/04/22,2.51436
2019/04/22,2.525567
2019/04/22,2.536545
2019/04/22,2.547159
2019/04/22,2.55789
2019/04/22,2.568294
2019/04/22,2.578537
2019/04/22,2.58907
2019/04/22,2.598734
2019/04/22,2.60803
2019/04/22,2.617238
2019/04/23,2.4505
2019/04/23,2.488287
2019/04/23,2.566146
2019/04/23,2.576651
2019/04/23,2.576799
2019/04/23,2.574116
2019/04/23,2.569067
2019/04/23,2.561218
2019/04/23,2.553101
2019/04/23,2.525624
2019/04/23,2.493584
2019/04/23,2.462847
2019/04/23,2.438849
2019/04/23,2.418077
2019/04/23,2.402144
2019/04/23,2.389685
2019/04/23,2.381103
2019/04/23,2.375478
2019/04/23,2.372673
2019/04/23,2.372186
2019/04/23,2.373908
2019/04/23,2.377554
2019/04/23,2.382566
2019/04/23,2.389198
2019/04/23,2.397201
2019/04/23,2.405892
2019/04/23,2.415638
2019/04/23,2.426078
2019/04/23,2.437337
2019/04/23,2.449111
2019/04/23,2.461145
2019/04/23,2.473408
2019/04/23,2.485876
2019/04/23,2.498177
2019/04/23,2.510497
2019/04/23,2.522343
2019/04/23,2.533917
2019/04/23,2.545092
2019/04/23,2.55635
2019/04/23,2.567249
2019/04/23,2.57796
2019/04/23,2.588967
2019/04/23,2.599048
2019/04/23,2.608738
2019/04/23,2.618321
2019/04/24,2.457473
2019/04/24,2.492653
2019/04/24,2.566014
2019/04/24,2.571628
2019/04/24,2.565818
2019/04/24,2.559426
2019/04/24,2.551842
2019/04/24,2.540502
2019/04/24,2.526944
2019/04/24,2.496334
2019/04/24,2.462266
2019/04/24,2.428592
2019/04/24,2.401776
2019/04/24,2.378259
2019/04/24,2.360682
2019/04/24,2.346892
2019/04/24,2.337212
2019/04/24,2.330666
2019/04/24,2.327024
2019/04/24,2.326214
2019/04/24,2.327674
2019/04/24,2.331056
2019/04/24,2.335851
2019/04/24,2.342291
2019/04/24,2.350123
2019/04/24,2.358658
2019/04/24,2.368033
2019/04/24,2.378134
2019/04/24,2.389297
2019/04/24,2.400983
2019/04/24,2.412935
2019/04/24,2.425123
2019/04/24,2.437522
2019/04/24,2.449759
2019/04/24,2.462019
2019/04/24,2.473808
2019/04/24,2.485329
2019/04/24,2.496454
2019/04/24,2.507666
2019/04/24,2.518521
2019/04/24,2.529191
2019/04/24,2.540156
2019/04/24,2.5502
2019/04/24,2.559855
2019/04/24,2.569404
2019/04/25,2.44898
2019/04/25,2.483657
2019/04/25,2.568903
2019/04/25,2.57873
2019/04/25,2.576765
2019/04/25,2.572111
2019/04/25,2.565698
2019/04/25,2.555995
2019/04/25,2.545085
2019/04/25,2.517029
2019/04/25,2.483698
2019/04/25,2.449777
2019/04/25,2.422788
2019/04/25,2.399142
2019/04/25,2.380946
2019/04/25,2.366657
2019/04/25,2.357002
2019/04/25,2.35048
2019/04/25,2.346862
2019/04/25,2.345729
2019/04/25,2.346931
2019/04/25,2.350047
2019/04/25,2.354627
2019/04/25,2.360874
2019/04/25,2.368534
2019/04/25,2.376915
2019/04/25,2.386381
2019/04/25,2.396567
2019/04/25,2.407594
2019/04/25,2.419156
2019/04/25,2.430994
2019/04/25,2.443076
2019/04/25,2.455377
2019/04/25,2.467523
2019/04/25,2.479697
2019/04/25,2.491571
2019/04/25,2.503171
2019/04/25,2.51437
2019/04/25,2.525651
2019/04/25,2.536571
2019/04/25,2.547303
2019/04/25,2.558331
2019/04/25,2.568429
2019/04/25,2.578136
2019/04/25,2.587734
2019/04/26,2.46406
2019/04/26,2.490646
2019/04/26,2.569663
2019/04/26,2.575896
2019/04/26,2.570223
2019/04/26,2.562892
2019/04/26,2.553021
2019/04/26,2.538576
2019/04/26,2.521264
2019/04/26,2.488453
2019/04/26,2.452056
2019/04/26,2.415995
2019/04/26,2.387441
2019/04/26,2.362011
2019/04/26,2.342935
2019/04/26,2.327936
2019/04/26,2.317698
2019/04/26,2.310688
2019/04/26,2.307027
2019/04/26,2.306204
2019/04/26,2.307657
2019/04/26,2.311035
2019/04/26,2.315829
2019/04/26,2.322268
2019/04/26,2.330102
2019/04/26,2.338641
2019/04/26,2.348251
2019/04/26,2.358569
2019/04/26,2.369717
2019/04/26,2.381186
2019/04/26,2.392939
2019/04/26,2.404943
2019/04/26,2.417171
2019/04/26,2.429249
2019/04/26,2.441361
2019/04/26,2.453176
2019/04/26,2.464721
2019/04/26,2.475868
2019/04/26,2.4871
2019/04/26,2.497975
2019/04/26,2.508663
2019/04/26,2.519647
2019/04/26,2.529706
2019/04/26,2.539506
2019/04/26,2.549193
2019/04/29,2.460128
2019/04/29,2.482695
2019/04/29,2.568346
2019/04/29,2.573489
2019/04/29,2.568406
2019/04/29,2.561279
2019/04/29,2.552333
2019/04/29,2.539252
2019/04/29,2.523005
2019/04/29,2.49068
2019/04/29,2.454573
2019/04/29,2.419485
2019/04/29,2.392345
2019/04/29,2.368012
2019/04/29,2.350351
2019/04/29,2.33699
2019/04/29,2.328557
2019/04/29,2.323473
2019/04/29,2.321579
2019/04/29,2.32217
2019/04/29,2.324773
2019/04/29,2.329658
2019/04/29,2.33569
2019/04/29,2.342968
2019/04/29,2.351557
2019/04/29,2.361022
2019/04/29,2.371242
2019/04/29,2.382117
2019/04/29,2.393776
2019/04/29,2.40551
2019/04/29,2.417508
2019/04/29,2.429739
2019/04/29,2.442178
2019/04/29,2.454451
2019/04/29,2.466745
2019/04/29,2.47873
2019/04/29,2.490434
2019/04/29,2.50173
2019/04/29,2.513102
2019/04/29,2.524108
2019/04/29,2.53492
2019/04/29,2.546029
2019/04/29,2.556198
2019/04/29,2.566102
2019/04/29,2.575887
2019/04/30,2.458486
2019/04/30,2.477223
2019/04/30,2.564878
2019/04/30,2.569516
2019/04/30,2.564052
2019/04/30,2.556734
2019/04/30,2.546811
2019/04/30,2.531062
2019/04/30,2.512814
2019/04/30,2.47822
2019/04/30,2.439745
2019/04/30,2.402243
2019/04/30,2.37334
2019/04/30,2.34766
2019/04/30,2.328943
2019/04/30,2.314729
2019/04/30,2.305597
2019/04/30,2.299928
2019/04/30,2.297504
2019/04/30,2.297674
2019/04/30,2.299937
2019/04/30,2.304476
2019/04/30,2.310226
2019/04/30,2.317522
2019/04/30,2.326129
2019/04/30,2.335367
2019/04/30,2.345614
2019/04/30,2.356513
2019/04/30,2.368196
2019/04/30,2.379952
2019/04/30,2.391969
2019/04/30,2.404219
2019/04/30,2.416675
2019/04/30,2.428965
2019/04/30,2.441274
2019/04/30,2.453273
2019/04/30,2.46499
2019/04/30,2.476298
2019/04/30,2.487682
2019/04/30,2.498699
2019/04/30,2.509521
2019/04/30,2.520641
2019/04/30,2.530819
2019/04/30,2.540731
2019/04/30,2.550524
2019/05/01,2.459753
2019/05/01,2.475882
2019/05/01,2.562672
2019/05/01,2.568172
2019/05/01,2.564659
2019/05/01,2.559192
2019/05/01,2.553017
2019/05/01,2.54239
2019/05/01,2.532274
2019/05/01,2.503302
2019/05/01,2.469323
2019/05/01,2.434945
2019/05/01,2.407681
2019/05/01,2.38267
2019/05/01,2.363961
2019/05/01,2.34928
2019/05/01,2.339329
2019/05/01,2.332573
2019/05/01,2.328761
2019/05/01,2.327827
2019/05/01,2.329199
2019/05/01,2.332497
2019/05/01,2.337232
2019/05/01,2.343624
2019/05/01,2.351418
2019/05/01,2.359923
2019/05/01,2.369505
2019/05/01,2.380022
2019/05/01,2.39114
2019/05/01,2.402379
2019/05/01,2.413919
2019/05/01,2.425727
2019/05/01,2.437774
2019/05/01,2.449683
2019/05/01,2.461638
2019/05/01,2.473304
2019/05/01,2.484711
2019/05/01,2.495727
2019/05/01,2.506835
2019/05/01,2.517593
2019/05/01,2.528171
2019/05/01,2.539042
2019/05/01,2.549002
2019/05/01,2.558707
2019/05/01,2.568304
2019/05/02,2.429351
2019/05/02,2.446698
2019/05/02,2.560263
2019/05/02,2.572315
2019/05/02,2.572248
2019/05/02,2.570308
2019/05/02,2.567322
2019/05/02,2.561026
2019/05/02,2.557021
2019/05/02,2.533642
2019/05/02,2.505048
2019/05/02,2.47595
2019/05/02,2.452574
2019/05/02,2.430543
2019/05/02,2.413666
2019/05/02,2.400474
2019/05/02,2.39132
2019/05/02,2.384834
2019/05/02,2.381268
2019/05/02,2.38019
2019/05/02,2.381147
2019/05/02,2.384018
2019/05/02,2.388406
2019/05/02,2.394217
2019/05/02,2.401491
2019/05/02,2.409526
2019/05/02,2.418682
2019/05/02,2.428588
2019/05/02,2.439148
2019/05/02,2.449872
2019/05/02,2.460939
2019/05/02,2.47231
2019/05/02,2.483951
2019/05/02,2.495482
2019/05/02,2.507084
2019/05/02,2.518421
2019/05/02,2.529519
2019/05/02,2.540245
2019/05/02,2.551081
2019/05/02,2.561582
2019/05/02,2.571917
2019/05/02,2.58254
2019/05/02,2.592284
2019/05/02,2.601783
2019/05/02,2.611185
2019/05/03,2.443792
2019/05/03,2.455134
2019/05/03,2.561068
2019/05/03,2.571091
2019/05/03,2.571413
2019/05/03,2.569629
2019/05/03,2.565033
2019/05/03,2.556561
2019/05/03,2.549515
2019/05/03,2.524395
2019/05/03,2.49468
2019/05/03,2.464803
2019/05/03,2.441535
2019/05/03,2.418996
2019/05/03,2.401724
2019/05/03,2.387736
2019/05/03,2.377929
2019/05/03,2.370494
2019/05/03,2.366065
2019/05/03,2.364301
2019/05/03,2.364705
2019/05/03,2.366684
2019/05/03,2.37034
2019/05/03,2.375501
2019/05/03,2.382192
2019/05/03,2.3897
2019/05/03,2.39838
2019/05/03,2.407852
2019/05/03,2.418015
2019/05/03,2.428375
2019/05/03,2.439106
2019/05/03,2.450166
2019/05/03,2.46152
2019/05/03,2.472783
2019/05/03,2.484136
2019/05/03,2.495241
2019/05/03,2.50612
2019/05/03,2.516641
2019/05/03,2.527284
2019/05/03,2.537603
2019/05/03,2.547767
2019/05/03,2.558216
2019/05/03,2.567807
2019/05/03,2.577161
2019/05/03,2.586425
2019/05/06,2.443792
2019/05/06,2.455134
2019/05/06,2.561068
2019/05/06,2.571091
2019/05/06,2.571413
2019/05/06,2.569629
2019/05/06,2.565033
2019/05/06,2.556561
2019/05/06,2.549515
2019/05/06,2.524395
2019/05/06,2.49468
2019/05/06,2.464803
2019/05/06,2.441535
2019/05/06,2.418996
2019/05/06,2.401724
2019/05/06,2.387736
2019/05/06,2.377929
2019/05/06,2.370494
2019/05/06,2.366065
2019/05/06,2.364301
2019/05/06,2.364705
2019/05/06,2.366684
2019/05/06,2.37034
2019/05/06,2.375501
2019/05/06,2.382192
2019/05/06,2.3897
2019/05/06,2.39838
2019/05/06,2.407852
2019/05/06,2.418015
2019/05/06,2.428375
2019/05/06,2.439106
2019/05/06,2.450166
2019/05/06,2.46152
2019/05/06,2.472783
2019/05/06,2.484136
2019/05/06,2.495241
2019/05/06,2.50612
2019/05/06,2.516641
2019/05/06,2.527284
2019/05/06,2.537603
2019/05/06,2.547767
2019/05/06,2.558216
2019/05/06,2.567807
2019/05/06,2.577161
2019/05/06,2.586425
2019/05/07,2.437204
2019/05/07,2.439584
2019/05/07,2.557739
2019/05/07,2.563654
2019/05/07,2.559765
2019/05/07,2.55296
2019/05/07,2.544136
2019/05/07,2.530059
2019/05/07,2.514597
2019/05/07,2.480136
2019/05/07,2.442613
2019/05/07,2.405001
2019/05/07,2.374757
2019/05/07,2.347486
2019/05/07,2.326506
2019/05/07,2.310013
2019/05/07,2.298154
2019/05/07,2.28941
2019/05/07,2.283402
2019/05/07,2.280385
2019/05/07,2.279779
2019/05/07,2.280734
2019/05/07,2.283554
2019/05/07,2.287972
2019/05/07,2.294001
2019/05/07,2.300914
2019/05/07,2.309056
2019/05/07,2.31804
2019/05/07,2.327972
2019/05/07,2.33812
2019/05/07,2.348658
2019/05/07,2.359539
2019/05/07,2.370728
2019/05/07,2.381838
2019/05/07,2.393048
2019/05/07,2.404019
2019/05/07,2.414773
2019/05/07,2.425176
2019/05/07,2.435709
2019/05/07,2.445923
2019/05/07,2.455988
2019/05/07,2.466338
2019/05/07,2.47584
2019/05/07,2.48511
2019/05/07,2.494294
2019/05/08,2.428205
2019/05/08,2.482807
2019/05/08,2.50025
2019/05/08,2.529245
2019/05/08,2.536788
2019/05/08,2.53477
2019/05/08,2.530814
2019/05/08,2.521841
2019/05/08,2.511615
2019/05/08,2.481127
2019/05/08,2.447038
2019/05/08,2.413359
2019/05/08,2.38668
2019/05/08,2.362136
2019/05/08,2.343846
2019/05/08,2.329535
2019/05/08,2.31948
2019/05/08,2.311848
2019/05/08,2.307257
2019/05/08,2.305371
2019/05/08,2.305682
2019/05/08,2.307575
2019/05/08,2.311165
2019/05/08,2.316272
2019/05/08,2.322918
2019/05/08,2.33039
2019/05/08,2.339038
2019/05/08,2.348484
2019/05/08,2.358839
2019/05/08,2.369172
2019/05/08,2.379878
2019/05/08,2.390916
2019/05/08,2.40225
2019/05/08,2.413495
2019/05/08,2.424831
2019/05/08,2.435919
2019/05/08,2.446783
2019/05/08,2.457288
2019/05/08,2.467918
2019/05/08,2.478223
2019/05/08,2.488374
2019/05/08,2.49881
2019/05/08,2.508388
2019/05/08,2.517731
2019/05/08,2.526983
2019/05/09,2.42327
2019/05/09,2.484831
2019/05/09,2.498459
2019/05/09,2.522441
2019/05/09,2.527241
2019/05/09,2.524013
2019/05/09,2.518373
2019/05/09,2.50717
2019/05/09,2.493863
2019/05/09,2.460494
2019/05/09,2.423648
2019/05/09,2.388066
2019/05/09,2.360006
2019/05/09,2.33441
2019/05/09,2.315298
2019/05/09,2.300326
2019/05/09,2.28973
2019/05/09,2.282052
2019/05/09,2.277422
2019/05/09,2.275506
2019/05/09,2.275794
2019/05/09,2.277666
2019/05/09,2.28124
2019/05/09,2.286333
2019/05/09,2.292968
2019/05/09,2.30043
2019/05/09,2.30907
2019/05/09,2.318509
2019/05/09,2.328859
2019/05/09,2.339186
2019/05/09,2.349888
2019/05/09,2.360922
2019/05/09,2.372252
2019/05/09,2.383494
2019/05/09,2.394827
2019/05/09,2.405912
2019/05/09,2.416774
2019/05/09,2.427277
2019/05/09,2.437904
2019/05/09,2.448207
2019/05/09,2.458356
2019/05/09,2.46879
2019/05/09,2.478366
2019/05/09,2.487707
2019/05/09,2.496957
2019/05/10,2.421111
2019/05/10,2.480399
2019/05/10,2.491949
2019/05/10,2.514798
2019/05/10,2.517087
2019/05/10,2.511678
2019/05/10,2.504611
2019/05/10,2.496715
2019/05/10,2.490987
2019/05/10,2.476483
2019/05/10,2.442405
2019/05/10,2.40603
2019/05/10,2.370775
2019/05/10,2.344319
2019/05/10,2.320549
2019/05/10,2.302883
2019/05/10,2.289084
2019/05/10,2.279902
2019/05/10,2.273412
2019/05/10,2.269869
2019/05/10,2.268819
2019/05/10,2.269808
2019/05/10,2.2724
2019/05/10,2.276565
2019/05/10,2.282185
2019/05/10,2.289295
2019/05/10,2.297185
2019/05/10,2.306215
2019/05/10,2.316009
2019/05/10,2.326684
2019/05/10,2.337516
2019/05/10,2.348682
2019/05/10,2.360146
2019/05/10,2.371875
2019/05/10,2.383488
2019/05/10,2.395166
2019/05/10,2.406575
2019/05/10,2.417738
2019/05/10,2.428525
2019/05/10,2.439419
2019/05/10,2.449973
2019/05/10,2.460358
2019/05/10,2.471033
2019/05/10,2.48082
2019/05/10,2.490361
2019/05/10,2.499801
2019/05/13,2.41947
2019/05/13,2.470919
2019/05/13,2.48165
2019/05/13,2.502362
2019/05/13,2.500221
2019/05/13,2.489521
2019/05/13,2.477212
2019/05/13,2.464945
2019/05/13,2.456732
2019/05/13,2.431433
2019/05/13,2.386733
2019/05/13,2.341783
2019/05/13,2.300633
2019/05/13,2.270594
2019/05/13,2.244702
2019/05/13,2.225924
2019/05/13,2.211724
2019/05/13,2.202224
2019/05/13,2.195882
2019/05/13,2.192887
2019/05/13,2.192624
2019/05/13,2.194253
2019/05/13,2.197836
2019/05/13,2.202814
2019/05/13,2.209162
2019/05/13,2.216928
2019/05/13,2.225658
2019/05/13,2.235452
2019/05/13,2.245943
2019/05/13,2.257257
2019/05/13,2.268675
2019/05/13,2.280384
2019/05/13,2.292349
2019/05/13,2.30436
2019/05/13,2.316235
2019/05/13,2.327987
2019/05/13,2.339464
2019/05/13,2.350692
2019/05/13,2.361538
2019/05/13,2.372489
2019/05/13,2.383096
2019/05/13,2.393532
2019/05/13,2.404258
2019/05/13,2.414089
2019/05/13,2.423671
2019/05/13,2.433151
2019/05/14,2.420736
2019/05/14,2.468896
2019/05/14,2.478744
2019/05/14,2.503265
2019/05/14,2.500783
2019/05/14,2.489875
2019/05/14,2.477423
2019/05/14,2.465052
2019/05/14,2.456787
2019/05/14,2.432875
2019/05/14,2.388882
2019/05/14,2.344377
2019/05/14,2.304327
2019/05/14,2.274426
2019/05/14,2.248645
2019/05/14,2.229962
2019/05/14,2.215843
2019/05/14,2.206415
2019/05/14,2.200136
2019/05/14,2.196799
2019/05/14,2.196266
2019/05/14,2.197677
2019/05/14,2.201039
2019/05/14,2.205837
2019/05/14,2.212025
2019/05/14,2.219648
2019/05/14,2.22825
2019/05/14,2.237928
2019/05/14,2.248314
2019/05/14,2.259532
2019/05/14,2.270863
2019/05/14,2.282491
2019/05/14,2.294381
2019/05/14,2.30669
2019/05/14,2.319018
2019/05/14,2.331193
2019/05/14,2.343064
2019/05/14,2.355142
2019/05/14,2.367095
2019/05/14,2.378936
2019/05/14,2.390382
2019/05/14,2.401893
2019/05/14,2.41371
2019/05/14,2.424499
2019/05/14,2.434989
2019/05/14,2.445458
2019/05/15,2.413643
2019/05/15,2.463584
2019/05/15,2.471783
2019/05/15,2.499787
2019/05/15,2.496716
2019/05/15,2.4855
2019/05/15,2.471923
2019/05/15,2.458632
2019/05/15,2.449852
2019/05/15,2.418977
2019/05/15,2.367695
2019/05/15,2.316732
2019/05/15,2.271464
2019/05/15,2.237773
2019/05/15,2.208509
2019/05/15,2.187094
2019/05/15,2.170775
2019/05/15,2.159981
2019/05/15,2.152559
2019/05/15,2.148186
2019/05/15,2.14683
2019/05/15,2.14788
2019/05/15,2.150875
2019/05/15,2.155373
2019/05/15,2.161295
2019/05/15,2.168681
2019/05/15,2.177069
2019/05/15,2.186554
2019/05/15,2.196765
2019/05/15,2.207823
2019/05/15,2.219213
2019/05/15,2.231094
2019/05/15,2.243218
2019/05/15,2.255744
2019/05/15,2.268275
2019/05/15,2.280638
2019/05/15,2.292686
2019/05/15,2.304928
2019/05/15,2.317037
2019/05/15,2.329023
2019/05/15,2.340607
2019/05/15,2.352246
2019/05/15,2.364196
2019/05/15,2.3751
2019/05/15,2.385699
2019/05/15,2.396272
2019/05/16,2.41719
2019/05/16,2.471931
2019/05/16,2.476577
2019/05/16,2.50858
2019/05/16,2.507779
2019/05/16,2.497396
2019/05/16,2.485257
2019/05/16,2.473179
2019/05/16,2.465096
2019/05/16,2.440059
2019/05/16,2.394203
2019/05/16,2.347587
2019/05/16,2.305313
2019/05/16,2.273821
2019/05/16,2.246237
2019/05/16,2.225615
2019/05/16,2.209455
2019/05/16,2.198353
2019/05/16,2.190269
2019/05/16,2.185699
2019/05/16,2.184188
2019/05/16,2.184813
2019/05/16,2.187372
2019/05/16,2.191515
2019/05/16,2.197121
2019/05/16,2.204223
2019/05/16,2.212356
2019/05/16,2.221611
2019/05/16,2.231612
2019/05/16,2.242478
2019/05/16,2.253693
2019/05/16,2.265411
2019/05/16,2.277386
2019/05/16,2.289773
2019/05/16,2.302174
2019/05/16,2.314417
2019/05/16,2.326352
2019/05/16,2.338489
2019/05/16,2.350499
2019/05/16,2.362392
2019/05/16,2.373887
2019/05/16,2.385444
2019/05/16,2.397309
2019/05/16,2.408138
2019/05/16,2.418667
2019/05/16,2.429173
2019/05/17,2.428712
2019/05/17,2.473196
2019/05/17,2.476125
2019/05/17,2.510021
2019/05/17,2.51053
2019/05/17,2.500584
2019/05/17,2.48871
2019/05/17,2.476868
2019/05/17,2.468926
2019/05/17,2.44117
2019/05/17,2.392632
2019/05/17,2.344333
2019/05/17,2.300912
2019/05/17,2.268601
2019/05/17,2.240399
2019/05/17,2.219299
2019/05/17,2.202757
2019/05/17,2.191347
2019/05/17,2.183006
2019/05/17,2.177803
2019/05/17,2.17579
2019/05/17,2.176011
2019/05/17,2.178158
2019/05/17,2.181964
2019/05/17,2.187271
2019/05/17,2.194107
2019/05/17,2.202
2019/05/17,2.211037
2019/05/17,2.22084
2019/05/17,2.231527
2019/05/17,2.242576
2019/05/17,2.254142
2019/05/17,2.265977
2019/05/17,2.278234
2019/05/17,2.290514
2019/05/17,2.302645
2019/05/17,2.314475
2019/05/17,2.326513
2019/05/17,2.33843
2019/05/17,2.350236
2019/05/17,2.36165
2019/05/17,2.373129
2019/05/17,2.384915
2019/05/17,2.395676
2019/05/17,2.406139
2019/05/17,2.416583
2019/05/20,2.426817
2019/05/20,2.465562
2019/05/20,2.508753
2019/05/20,2.511659
2019/05/20,2.503547
2019/05/20,2.49373
2019/05/20,2.483626
2019/05/20,2.476684
2019/05/20,2.450863
2019/05/20,2.40321
2019/05/20,2.356412
2019/05/20,2.31484
2019/05/20,2.283236
2019/05/20,2.255587
2019/05/20,2.234947
2019/05/20,2.218791
2019/05/20,2.207713
2019/05/20,2.200068
2019/05/20,2.195505
2019/05/20,2.193659
2019/05/20,2.194323
2019/05/20,2.196926
2019/05/20,2.201109
2019/05/20,2.206481
2019/05/20,2.213378
2019/05/20,2.221327
2019/05/20,2.230416
2019/05/20,2.240269
2019/05/20,2.251001
2019/05/20,2.262093
2019/05/20,2.273699
2019/05/20,2.285571
2019/05/20,2.297863
2019/05/20,2.310176
2019/05/20,2.322336
2019/05/20,2.334194
2019/05/20,2.346258
2019/05/20,2.3582
2019/05/20,2.370029
2019/05/20,2.381463
2019/05/20,2.392962
2019/05/20,2.404768
2019/05/20,2.415546
2019/05/20,2.426025
2019/05/20,2.436483
2019/05/21,2.42783
2019/05/21,2.458054
2019/05/21,2.509419
2019/05/21,2.519799
2019/05/21,2.515623
2019/05/21,2.508241
2019/05/21,2.500144
2019/05/21,2.494334
2019/05/21,2.47222
2019/05/21,2.427671
2019/05/21,2.382813
2019/05/21,2.341779
2019/05/21,2.310581
2019/05/21,2.28264
2019/05/21,2.261237
2019/05/21,2.244471
2019/05/21,2.232896
2019/05/21,2.224427
2019/05/21,2.219118
2019/05/21,2.216682
2019/05/21,2.216566
2019/05/21,2.218041
2019/05/21,2.221303
2019/05/21,2.226128
2019/05/21,2.232535
2019/05/21,2.239796
2019/05/21,2.248263
2019/05/21,2.257548
2019/05/21,2.267763
2019/05/21,2.278379
2019/05/21,2.289547
2019/05/21,2.301014
2019/05/21,2.312931
2019/05/21,2.324896
2019/05/21,2.336731
2019/05/21,2.348285
2019/05/21,2.360065
2019/05/21,2.37174
2019/05/21,2.383318
2019/05/21,2.394516
2019/05/21,2.405793
2019/05/21,2.417371
2019/05/21,2.42795
2019/05/21,2.438241
2019/05/21,2.44852
2019/05/22,2.426939
2019/05/22,2.463093
2019/05/22,2.512856
2019/05/22,2.522028
2019/05/22,2.517293
2019/05/22,2.509543
2019/05/22,2.500178
2019/05/22,2.492312
2019/05/22,2.466165
2019/05/22,2.417057
2019/05/22,2.367456
2019/05/22,2.32239
2019/05/22,2.288277
2019/05/22,2.258127
2019/05/22,2.234998
2019/05/22,2.216845
2019/05/22,2.20458
2019/05/22,2.195536
2019/05/22,2.189709
2019/05/22,2.186861
2019/05/22,2.186414
2019/05/22,2.187554
2019/05/22,2.190252
2019/05/22,2.194576
2019/05/22,2.200534
2019/05/22,2.207391
2019/05/22,2.215492
2019/05/22,2.224445
2019/05/22,2.234356
2019/05/22,2.244694
2019/05/22,2.255607
2019/05/22,2.266838
2019/05/22,2.278536
2019/05/22,2.290298
2019/05/22,2.301944
2019/05/22,2.313321
2019/05/22,2.324936
2019/05/22,2.336455
2019/05/22,2.347888
2019/05/22,2.358949
2019/05/22,2.370095
2019/05/22,2.381543
2019/05/22,2.392006
2019/05/22,2.402187
2019/05/22,2.412363
2019/05/23,2.428965
2019/05/23,2.455597
2019/05/23,2.501065
2019/05/23,2.501158
2019/05/23,2.488128
2019/05/23,2.471362
2019/05/23,2.45368
2019/05/23,2.440481
2019/05/23,2.397866
2019/05/23,2.334019
2019/05/23,2.27238
2019/05/23,2.219104
2019/05/23,2.179047
2019/05/23,2.144998
2019/05/23,2.120445
2019/05/23,2.10213
2019/05/23,2.090184
2019/05/23,2.081822
2019/05/23,2.076622
2019/05/23,2.074272
2019/05/23,2.074226
2019/05/23,2.075783
2019/05/23,2.078822
2019/05/23,2.083177
2019/05/23,2.089164
2019/05/23,2.096048
2019/05/23,2.103939
2019/05/23,2.112701
2019/05/23,2.122439
2019/05/23,2.132619
2019/05/23,2.143386
2019/05/23,2.154483
2019/05/23,2.166058
2019/05/23,2.177705
2019/05/23,2.189245
2019/05/23,2.200522
2019/05/23,2.212044
2019/05/23,2.223477
2019/05/23,2.234828
2019/05/23,2.245812
2019/05/23,2.256886
2019/05/23,2.268262
2019/05/23,2.278661
2019/05/23,2.288781
2019/05/23,2.298898
2019/05/24,2.429219
2019/05/24,2.45302
2019/05/24,2.508537
2019/05/24,2.513648
2019/05/24,2.503572
2019/05/24,2.48957
2019/05/24,2.474151
2019/05/24,2.461539
2019/05/24,2.42311
2019/05/24,2.362622
2019/05/24,2.303077
2019/05/24,2.251245
2019/05/24,2.212256
2019/05/24,2.179025
2019/05/24,2.155124
2019/05/24,2.137343
2019/05/24,2.125394
2019/05/24,2.117033
2019/05/24,2.111834
2019/05/24,2.109489
2019/05/24,2.109449
2019/05/24,2.11068
2019/05/24,2.113453
2019/05/24,2.117572
2019/05/24,2.123348
2019/05/24,2.130043
2019/05/24,2.137762
2019/05/24,2.146369
2019/05/24,2.155964
2019/05/24,2.166014
2019/05/24,2.176661
2019/05/24,2.187647
2019/05/24,2.19912
2019/05/24,2.210671
2019/05/24,2.222122
2019/05/24,2.233316
2019/05/24,2.24476
2019/05/24,2.256119
2019/05/24,2.267401
2019/05/24,2.27832
2019/05/24,2.289333
2019/05/24,2.300646
2019/05/24,2.31099
2019/05/24,2.321058
2019/05/24,2.331126
2019/05/28,2.423523
2019/05/28,2.446664
2019/05/28,2.507349
2019/05/28,2.509024
2019/05/28,2.49723
2019/05/28,2.481076
2019/05/28,2.461966
2019/05/28,2.447307
2019/05/28,2.401863
2019/05/28,2.333869
2019/05/28,2.268726
2019/05/28,2.211525
2019/05/28,2.168727
2019/05/28,2.13203
2019/05/28,2.105458
2019/05/28,2.086046
2019/05/28,2.073229
2019/05/28,2.064154
2019/05/28,2.058321
2019/05/28,2.055479
2019/05/28,2.055044
2019/05/28,2.056209
2019/05/28,2.058932
2019/05/28,2.063009
2019/05/28,2.068491
2019/05/28,2.07517
2019/05/28,2.082879
2019/05/28,2.091477
2019/05/28,2.100851
2019/05/28,2.110698
2019/05/28,2.121161
2019/05/28,2.131977
2019/05/28,2.143292
2019/05/28,2.154698
2019/05/28,2.166013
2019/05/28,2.17708
2019/05/28,2.188406
2019/05/28,2.199654
2019/05/28,2.210832
2019/05/28,2.221652
2019/05/28,2.232572
2019/05/28,2.243791
2019/05/28,2.254051
2019/05/28,2.26404
2019/05/28,2.274032
2019/05/29,2.419976
2019/05/29,2.449026
2019/05/29,2.505263
2019/05/29,2.501506
2019/05/29,2.485161
2019/05/29,2.466245
2019/05/29,2.443923
2019/05/29,2.427492
2019/05/29,2.377106
2019/05/29,2.304059
2019/05/29,2.235798
2019/05/29,2.176492
2019/05/29,2.132194
2019/05/29,2.094369
2019/05/29,2.067472
2019/05/29,2.047806
2019/05/29,2.034788
2019/05/29,2.025548
2019/05/29,2.019979
2019/05/29,2.017699
2019/05/29,2.017718
2019/05/29,2.019018
2019/05/29,2.021852
2019/05/29,2.026304
2019/05/29,2.032384
2019/05/29,2.039356
2019/05/29,2.047329
2019/05/29,2.05617
2019/05/29,2.065982
2019/05/29,2.076438
2019/05/29,2.087462
2019/05/29,2.098798
2019/05/29,2.110595
2019/05/29,2.122448
2019/05/29,2.13418
2019/05/29,2.145637
2019/05/29,2.157327
2019/05/29,2.168918
2019/05/29,2.180417
2019/05/29,2.19154
2019/05/29,2.202745
2019/05/29,2.214255
2019/05/29,2.224769
2019/05/29,2.234998
2019/05/29,2.24522
2019/05/30,2.430739
2019/05/30,2.452706
2019/05/30,2.507967
2019/05/30,2.503025
2019/05/30,2.486149
2019/05/30,2.466899
2019/05/30,2.444316
2019/05/30,2.42775
2019/05/30,2.375546
2019/05/30,2.301483
2019/05/30,2.232606
2019/05/30,2.173708
2019/05/30,2.129729
2019/05/30,2.092766
2019/05/30,2.066012
2019/05/30,2.046468
2019/05/30,2.033555
2019/05/30,2.024821
2019/05/30,2.019714
2019/05/30,2.017451
2019/05/30,2.017485
2019/05/30,2.019135
2019/05/30,2.022547
2019/05/30,2.027239
2019/05/30,2.033536
2019/05/30,2.040703
2019/05/30,2.048854
2019/05/30,2.057857
2019/05/30,2.067818
2019/05/30,2.078203
2019/05/30,2.089162
2019/05/30,2.100438
2019/05/30,2.112179
2019/05/30,2.123981
2019/05/30,2.135665
2019/05/30,2.147077
2019/05/30,2.158726
2019/05/30,2.170277
2019/05/30,2.181739
2019/05/30,2.192827
2019/05/30,2.203999
2019/05/30,2.215475
2019/05/30,2.22596
2019/05/30,2.236161
2019/05/30,2.246356
2019/05/31,2.430739
2019/05/31,2.452706
2019/05/31,2.507967
2019/05/31,2.503025
2019/05/31,2.486149
2019/05/31,2.466899
2019/05/31,2.444316
2019/05/31,2.42775
2019/05/31,2.375546
2019/05/31,2.301483
2019/05/31,2.232606
2019/05/31,2.173708
2019/05/31,2.129729
2019/05/31,2.092766
2019/05/31,2.066012
2019/05/31,2.046468
2019/05/31,2.033555
2019/05/31,2.024821
2019/05/31,2.019714
2019/05/31,2.017451
2019/05/31,2.017485
2019/05/31,2.019135
2019/05/31,2.022547
2019/05/31,2.027239
2019/05/31,2.033536
2019/05/31,2.040703
2019/05/31,2.048854
2019/05/31,2.057857
2019/05/31,2.067818
2019/05/31,2.078203
2019/05/31,2.089162
2019/05/31,2.100438
2019/05/31,2.112179
2019/05/31,2.123981
2019/05/31,2.135665
2019/05/31,2.147077
2019/05/31,2.158726
2019/05/31,2.170277
2019/05/31,2.181739
2019/05/31,2.192827
2019/05/31,2.203999
2019/05/31,2.215475
2019/05/31,2.22596
2019/05/31,2.236161
2019/05/31,2.246356
2019/06/03,2.414909
2019/06/03,2.432999
2019/06/03,2.462358
2019/06/03,2.428076
2019/06/03,2.383835
2019/06/03,2.338003
2019/06/03,2.290394
2019/06/03,2.260191
2019/06/03,2.172694
2019/06/03,2.076353
2019/06/03,1.997735
2019/06/03,1.933131
2019/06/03,1.88583
2019/06/03,1.848247
2019/06/03,1.823257
2019/06/03,1.806653
2019/06/03,1.797085
2019/06/03,1.791991
2019/06/03,1.791442
2019/06/03,1.794214
2019/06/03,1.799232
2019/06/03,1.80666
2019/06/03,1.815379
2019/06/03,1.825354
2019/06/03,1.836913
2019/06/03,1.849073
2019/06/03,1.862224
2019/06/03,1.876007
2019/06/03,1.890338
2019/06/03,1.904735
2019/06/03,1.919389
2019/06/03,1.934078
2019/06/03,1.948985
2019/06/03,1.963727
2019/06/03,1.978151
2019/06/03,1.992122
2019/06/03,2.006165
2019/06/03,2.019963
2019/06/03,2.033536
2019/06/03,2.046612
2019/06/03,2.05966
2019/06/03,2.07304
2019/06/03,2.085194
2019/06/03,2.096977
2019/06/03,2.108673
2019/06/04,2.410217
2019/06/04,2.424761
2019/06/04,2.45193
2019/06/04,2.415079
2019/06/04,2.371181
2019/06/04,2.325535
2019/06/04,2.278131
2019/06/04,2.248079
2019/06/04,2.168887
2019/06/04,2.081689
2019/06/04,2.010667
2019/06/04,1.95204
2019/06/04,1.909779
2019/06/04,1.876014
2019/06/04,1.854025
2019/06/04,1.839838
2019/06/04,1.832262
2019/06/04,1.828836
2019/06/04,1.829802
2019/06/04,1.833426
2019/06/04,1.839133
2019/06/04,1.847265
2019/06/04,1.856268
2019/06/04,1.866496
2019/06/04,1.878282
2019/06/04,1.890896
2019/06/04,1.904222
2019/06/04,1.918163
2019/06/04,1.932639
2019/06/04,1.947169
2019/06/04,1.961946
2019/06/04,1.97694
2019/06/04,1.992129
2019/06/04,2.007134
2019/06/04,2.021802
2019/06/04,2.036001
2019/06/04,2.050257
2019/06/04,2.064255
2019/06/04,2.078016
2019/06/04,2.091268
2019/06/04,2.104483
2019/06/04,2.11803
2019/06/04,2.130332
2019/06/04,2.142255
2019/06/04,2.154084
2019/06/05,2.410977
2019/06/05,2.422739
2019/06/05,2.451903
2019/06/05,2.409988
2019/06/05,2.36298
2019/06/05,2.313391
2019/06/05,2.262964
2019/06/05,2.229864
2019/06/05,2.146575
2019/06/05,2.057227
2019/06/05,1.985903
2019/06/05,1.927914
2019/06/05,1.886843
2019/06/05,1.853988
2019/06/05,1.832724
2019/06/05,1.819129
2019/06/05,1.812497
2019/06/05,1.810278
2019/06/05,1.812346
2019/06/05,1.817199
2019/06/05,1.823898
2019/06/05,1.833046
2019/06/05,1.843173
2019/06/05,1.854679
2019/06/05,1.86761
2019/06/05,1.881258
2019/06/05,1.895519
2019/06/05,1.910539
2019/06/05,1.926218
2019/06/05,1.941852
2019/06/05,1.957445
2019/06/05,1.973194
2019/06/05,1.989081
2019/06/05,2.004736
2019/06/05,2.020009
2019/06/05,2.034771
2019/06/05,2.049556
2019/06/05,2.064049
2019/06/05,2.078276
2019/06/05,2.091966
2019/06/05,2.105594
2019/06/05,2.119561
2019/06/05,2.13223
2019/06/05,2.144501
2019/06/05,2.156661
2019/06/06,2.410977
2019/06/06,2.419245
2019/06/06,2.458417
2019/06/06,2.41528
2019/06/06,2.367758
2019/06/06,2.32
2019/06/06,2.271068
2019/06/06,2.238815
2019/06/06,2.163621
2019/06/06,2.083322
2019/06/06,2.020512
2019/06/06,1.969113
2019/06/06,1.932106
2019/06/06,1.902328
2019/06/06,1.882377
2019/06/06,1.868848
2019/06/06,1.861824
2019/06/06,1.858451
2019/06/06,1.859061
2019/06/06,1.862052
2019/06/06,1.866945
2019/06/06,1.874246
2019/06/06,1.882572
2019/06/06,1.892199
2019/06/06,1.902924
2019/06/06,1.914582
2019/06/06,1.927043
2019/06/06,1.940198
2019/06/06,1.953956
2019/06/06,1.967827
2019/06/06,1.981797
2019/06/06,1.995855
2019/06/06,2.010176
2019/06/06,2.024375
2019/06/06,2.038292
2019/06/06,2.051788
2019/06/06,2.065388
2019/06/06,2.078769
2019/06/06,2.091951
2019/06/06,2.104657
2019/06/06,2.117356
2019/06/06,2.130381
2019/06/06,2.142224
2019/06/06,2.153711
2019/06/06,2.165127
2019/06/07,2.408829
2019/06/07,2.416296
2019/06/07,2.435489
2019/06/07,2.383593
2019/06/07,2.333218
2019/06/07,2.284905
2019/06/07,2.23561
2019/06/07,2.203195
2019/06/07,2.131058
2019/06/07,2.053541
2019/06/07,1.995416
2019/06/07,1.948841
2019/06/07,1.914619
2019/06/07,1.886331
2019/06/07,1.868107
2019/06/07,1.855972
2019/06/07,1.849191
2019/06/07,1.845608
2019/06/07,1.845621
2019/06/07,1.84814
2019/06/07,1.852346
2019/06/07,1.858611
2019/06/07,1.865799
2019/06/07,1.874137
2019/06/07,1.88397
2019/06/07,1.894577
2019/06/07,1.906086
2019/06/07,1.918147
2019/06/07,1.930908
2019/06/07,1.944071
2019/06/07,1.95739
2019/06/07,1.970847
2019/06/07,1.984611
2019/06/07,1.998292
2019/06/07,2.011727
2019/06/07,2.024773
2019/06/07,2.037952
2019/06/07,2.050938
2019/06/07,2.063748
2019/06/07,2.076105
2019/06/07,2.088475
2019/06/07,2.101165
2019/06/07,2.112714
2019/06/07,2.123923
2019/06/07,2.135075
2019/06/10,2.410977
2019/06/10,2.413887
2019/06/10,2.451776
2019/06/10,2.402094
2019/06/10,2.35353
2019/06/10,2.309606
2019/06/10,2.263877
2019/06/10,2.233487
2019/06/10,2.17034
2019/06/10,2.097389
2019/06/10,2.041177
2019/06/10,1.995123
2019/06/10,1.961333
2019/06/10,1.933394
2019/06/10,1.91548
2019/06/10,1.903612
2019/06/10,1.897066
2019/06/10,1.893687
2019/06/10,1.893893
2019/06/10,1.896571
2019/06/10,1.900911
2019/06/10,1.907313
2019/06/10,1.914616
2019/06/10,1.923058
2019/06/10,1.932987
2019/06/10,1.943681
2019/06/10,1.95527
2019/06/10,1.967405
2019/06/10,1.980233
2019/06/10,1.99346
2019/06/10,2.006836
2019/06/10,2.020346
2019/06/10,2.03416
2019/06/10,2.047888
2019/06/10,2.061365
2019/06/10,2.07445
2019/06/10,2.087665
2019/06/10,2.100685
2019/06/10,2.113528
2019/06/10,2.125913
2019/06/10,2.138311
2019/06/10,2.151028
2019/06/10,2.162601
2019/06/10,2.173833
2019/06/10,2.185005
2019/06/11,2.407937
2019/06/11,2.409403
2019/06/11,2.461671
2019/06/11,2.416385
2019/06/11,2.370445
2019/06/11,2.329141
2019/06/11,2.285467
2019/06/11,2.256211
2019/06/11,2.19528
2019/06/11,2.12097
2019/06/11,2.060993
2019/06/11,2.010772
2019/06/11,1.973297
2019/06/11,1.941345
2019/06/11,1.919202
2019/06/11,1.90395
2019/06/11,1.894636
2019/06/11,1.888533
2019/06/11,1.88586
2019/06/11,1.886258
2019/06/11,1.888762
2019/06/11,1.89329
2019/06/11,1.899064
2019/06/11,1.906146
2019/06/11,1.914858
2019/06/11,1.924456
2019/06/11,1.935054
2019/06/11,1.946287
2019/06/11,1.958292
2019/06/11,1.970764
2019/06/11,1.983446
2019/06/11,1.996314
2019/06/11,2.009534
2019/06/11,2.02271
2019/06/11,2.035674
2019/06/11,2.048279
2019/06/11,2.061045
2019/06/11,2.073644
2019/06/11,2.086091
2019/06/11,2.098104
2019/06/11,2.11015
2019/06/11,2.122511
2019/06/11,2.133772
2019/06/11,2.144706
2019/06/11,2.155597
2019/06/12,2.406924
2019/06/12,2.432047
2019/06/12,2.434778
2019/06/12,2.389646
2019/06/12,2.345093
2019/06/12,2.304596
2019/06/12,2.261588
2019/06/12,2.232715
2019/06/12,2.167729
2019/06/12,2.091312
2019/06/12,2.028101
2019/06/12,1.974895
2019/06/12,1.935299
2019/06/12,1.902383
2019/06/12,1.880057
2019/06/12,1.864666
2019/06/12,1.855244
2019/06/12,1.849054
2019/06/12,1.84672
2019/06/12,1.847388
2019/06/12,1.85011
2019/06/12,1.854865
2019/06/12,1.861118
2019/06/12,1.868906
2019/06/12,1.87825
2019/06/12,1.888419
2019/06/12,1.899534
2019/06/12,1.911466
2019/06/12,1.924545
2019/06/12,1.93821
2019/06/12,1.952192
2019/06/12,1.966261
2019/06/12,1.980779
2019/06/12,1.99516
2019/06/12,2.009246
2019/06/12,2.023067
2019/06/12,2.03697
2019/06/12,2.050636
2019/06/12,2.063933
2019/06/12,2.076746
2019/06/12,2.089547
2019/06/12,2.102674
2019/06/12,2.114605
2019/06/12,2.126176
2019/06/12,2.137671
2019/06/13,2.396921
2019/06/13,2.425085
2019/06/13,2.425823
2019/06/13,2.36662
2019/06/13,2.313645
2019/06/13,2.262863
2019/06/13,2.212114
2019/06/13,2.179148
2019/06/13,2.105076
2019/06/13,2.024003
2019/06/13,1.957999
2019/06/13,1.902938
2019/06/13,1.862747
2019/06/13,1.829391
2019/06/13,1.806736
2019/06/13,1.791591
2019/06/13,1.782834
2019/06/13,1.777619
2019/06/13,1.776176
2019/06/13,1.777908
2019/06/13,1.781796
2019/06/13,1.787746
2019/06/13,1.794976
2019/06/13,1.803634
2019/06/13,1.813758
2019/06/13,1.824631
2019/06/13,1.836383
2019/06/13,1.848896
2019/06/13,1.862506
2019/06/13,1.876659
2019/06/13,1.89109
2019/06/13,1.905575
2019/06/13,1.920477
2019/06/13,1.935216
2019/06/13,1.949635
2019/06/13,1.963766
2019/06/13,1.977961
2019/06/13,1.991899
2019/06/13,2.005453
2019/06/13,2.018507
2019/06/13,2.031536
2019/06/13,2.044894
2019/06/13,2.057028
2019/06/13,2.068791
2019/06/13,2.080468
2019/06/14,2.402363
2019/06/14,2.412437
2019/06/14,2.413432
2019/06/14,2.364943
2019/06/14,2.313382
2019/06/14,2.265679
2019/06/14,2.217332
2019/06/14,2.185682
2019/06/14,2.114159
2019/06/14,2.031871
2019/06/14,1.966164
2019/06/14,1.912156
2019/06/14,1.872027
2019/06/14,1.838728
2019/06/14,1.816129
2019/06/14,1.801038
2019/06/14,1.791874
2019/06/14,1.786323
2019/06/14,1.784578
2019/06/14,1.786075
2019/06/14,1.789775
2019/06/14,1.795533
2019/06/14,1.802607
2019/06/14,1.811127
2019/06/14,1.820866
2019/06/14,1.831391
2019/06/14,1.843068
2019/06/14,1.855513
2019/06/14,1.868626
2019/06/14,1.882114
2019/06/14,1.895933
2019/06/14,1.910045
2019/06/14,1.924603
2019/06/14,1.939022
2019/06/14,1.953143
2019/06/14,1.966996
2019/06/14,1.98093
2019/06/14,1.994624
2019/06/14,2.007947
2019/06/14,2.020785
2019/06/14,2.03361
2019/06/14,2.046761
2019/06/14,2.058713
2019/06/14,2.070303
2019/06/14,2.081816
2019/06/14,2.093007
2019/06/17,2.391722
2019/06/17,2.421038
2019/06/17,2.374386
2019/06/17,2.324414
2019/06/17,2.278831
2019/06/17,2.233414
2019/06/17,2.203423
2019/06/17,2.140271
2019/06/17,2.060855
2019/06/17,1.995981
2019/06/17,1.941756
2019/06/17,1.901537
2019/06/17,1.86757
2019/06/17,1.84393
2019/06/17,1.827526
2019/06/17,1.817305
2019/06/17,1.810464
2019/06/17,1.80756
2019/06/17,1.807787
2019/06/17,1.810161
2019/06/17,1.814567
2019/06/17,1.820247
2019/06/17,1.82753
2019/06/17,1.836162
2019/06/17,1.845693
2019/06/17,1.856232
2019/06/17,1.867415
2019/06/17,1.879376
2019/06/17,1.891809
2019/06/17,1.904859
2019/06/17,1.91826
2019/06/17,1.931975
2019/06/17,1.94561
2019/06/17,1.959001
2019/06/17,1.972172
2019/06/17,1.985468
2019/06/17,1.998564
2019/06/17,2.011325
2019/06/17,2.023633
2019/06/17,2.035958
2019/06/17,2.048601
2019/06/17,2.060108
2019/06/17,2.071276
2019/06/17,2.082387
2019/06/17,2.093197
2019/06/18,2.391722
2019/06/18,2.41263
2019/06/18,2.367081
2019/06/18,2.318789
2019/06/18,2.274138
2019/06/18,2.230631
2019/06/18,2.203225
2019/06/18,2.143259
2019/06/18,2.064138
2019/06/18,1.998467
2019/06/18,1.942889
2019/06/18,1.901726
2019/06/18,1.867058
2019/06/18,1.842886
2019/06/18,1.82556
2019/06/18,1.814132
2019/06/18,1.806288
2019/06/18,1.802064
2019/06/18,1.800891
2019/06/18,1.802138
2019/06/18,1.805059
2019/06/18,1.809527
2019/06/18,1.815454
2019/06/18,1.822874
2019/06/18,1.831063
2019/06/18,1.840388
2019/06/18,1.850467
2019/06/18,1.861421
2019/06/18,1.872931
2019/06/18,1.88513
2019/06/18,1.897748
2019/06/18,1.91055
2019/06/18,1.923339
2019/06/18,1.935941
2019/06/18,1.948375
2019/06/18,1.960983
2019/06/18,1.973433
2019/06/18,1.985587
2019/06/18,1.997324
2019/06/18,2.009109
2019/06/18,2.021206
2019/06/18,2.032233
2019/06/18,2.042946
2019/06/18,2.053627
2019/06/18,2.064027
2019/06/19,2.388935
2019/06/19,2.411899
2019/06/19,2.330906
2019/06/19,2.263626
2019/06/19,2.208953
2019/06/19,2.15813
2019/06/19,2.126152
2019/06/19,2.0513
2019/06/19,1.960883
2019/06/19,1.889467
2019/06/19,1.831757
2019/06/19,1.790536
2019/06/19,1.757726
2019/06/19,1.736135
2019/06/19,1.721892
2019/06/19,1.713911
2019/06/19,1.709784
2019/06/19,1.709349
2019/06/19,1.711892
2019/06/19,1.716443
2019/06/19,1.723416
2019/06/19,1.731486
2019/06/19,1.740897
2019/06/19,1.751701
2019/06/19,1.763187
2019/06/19,1.775498
2019/06/19,1.788522
2019/06/19,1.802384
2019/06/19,1.81656
2019/06/19,1.831013
2019/06/19,1.845711
2019/06/19,1.860441
2019/06/19,1.875019
2019/06/19,1.889287
2019/06/19,1.903278
2019/06/19,1.917341
2019/06/19,1.931155
2019/06/19,1.944592
2019/06/19,1.957535
2019/06/19,1.970459
2019/06/19,1.983711
2019/06/19,1.99575
2019/06/19,2.007423
2019/06/19,2.019014
2019/06/19,2.030278
2019/06/20,2.414403
2019/06/20,2.431945
2019/06/20,2.318341
2019/06/20,2.2432
2019/06/20,2.180899
2019/06/20,2.124586
2019/06/20,2.089791
2019/06/20,2.015012
2019/06/20,1.92838
2019/06/20,1.859274
2019/06/20,1.803126
2019/06/20,1.763769
2019/06/20,1.731736
2019/06/20,1.710201
2019/06/20,1.696011
2019/06/20,1.68808
2019/06/20,1.683577
2019/06/20,1.682806
2019/06/20,1.685085
2019/06/20,1.689424
2019/06/20,1.695846
2019/06/20,1.703467
2019/06/20,1.712479
2019/06/20,1.722928
2019/06/20,1.734346
2019/06/20,1.746596
2019/06/20,1.759565
2019/06/20,1.773376
2019/06/20,1.787507
2019/06/20,1.801919
2019/06/20,1.816579
2019/06/20,1.831273
2019/06/20,1.845818
2019/06/20,1.860057
2019/06/20,1.874018
2019/06/20,1.888055
2019/06/20,1.901844
2019/06/20,1.915257
2019/06/20,1.928178
2019/06/20,1.941081
2019/06/20,1.954312
2019/06/20,1.966333
2019/06/20,1.977987
2019/06/20,1.989561
2019/06/20,2.000809
2019/06/21,2.401096
2019/06/21,2.429381
2019/06/21,2.325544
2019/06/21,2.253662
2019/06/21,2.195593
2019/06/21,2.142517
2019/06/21,2.109463
2019/06/21,2.041357
2019/06/21,1.959285
2019/06/21,1.892946
2019/06/21,1.838666
2019/06/21,1.800666
2019/06/21,1.770294
2019/06/21,1.750625
2019/06/21,1.737935
2019/06/21,1.731235
2019/06/21,1.728183
2019/06/21,1.729143
2019/06/21,1.733155
2019/06/21,1.738891
2019/06/21,1.746737
2019/06/21,1.755521
2019/06/21,1.765847
2019/06/21,1.777472
2019/06/21,1.78995
2019/06/21,1.803159
2019/06/21,1.816999
2019/06/21,1.831607
2019/06/21,1.846468
2019/06/21,1.861551
2019/06/21,1.876831
2019/06/21,1.892099
2019/06/21,1.907177
2019/06/21,1.921911
2019/06/21,1.936335
2019/06/21,1.950804
2019/06/21,1.964999
2019/06/21,1.978793
2019/06/21,1.992072
2019/06/21,2.005313
2019/06/21,2.018885
2019/06/21,2.031205
2019/06/21,2.043144
2019/06/21,2.054987
2019/06/21,2.066491
2019/06/24,2.408444
2019/06/24,2.4253
2019/06/24,2.300239
2019/06/24,2.219257
2019/06/24,2.159408
2019/06/24,2.105443
2019/06/24,2.072089
2019/06/24,2.000491
2019/06/24,1.914016
2019/06/24,1.845157
2019/06/24,1.78927
2019/06/24,1.750205
2019/06/24,1.719066
2019/06/24,1.698842
2019/06/24,1.685731
2019/06/24,1.679169
2019/06/24,1.676241
2019/06/24,1.677325
2019/06/24,1.681083
2019/06/24,1.686618
2019/06/24,1.694263
2019/06/24,1.702886
2019/06/24,1.713072
2019/06/24,1.724575
2019/06/24,1.736944
2019/06/24,1.750056
2019/06/24,1.763809
2019/06/24,1.778339
2019/06/24,1.793129
2019/06/24,1.808752
2019/06/24,1.824724
2019/06/24,1.840633
2019/06/24,1.856306
2019/06/24,1.871594
2019/06/24,1.886535
2019/06/24,1.901488
2019/06/24,1.916136
2019/06/24,1.930355
2019/06/24,1.944034
2019/06/24,1.957651
2019/06/24,1.971606
2019/06/24,1.984261
2019/06/24,1.996516
2019/06/24,2.00866
2019/06/24,2.02045
2019/06/25,2.404137
2019/06/25,2.424319
2019/06/25,2.305432
2019/06/25,2.226789
2019/06/25,2.167052
2019/06/25,2.112112
2019/06/25,2.078312
2019/06/25,2.004325
2019/06/25,1.91535
2019/06/25,1.842998
2019/06/25,1.783967
2019/06/25,1.742691
2019/06/25,1.709273
2019/06/25,1.687294
2019/06/25,1.67279
2019/06/25,1.664633
2019/06/25,1.660382
2019/06/25,1.660274
2019/06/25,1.66309
2019/06/25,1.667556
2019/06/25,1.674114
2019/06/25,1.68185
2019/06/25,1.690969
2019/06/25,1.701518
2019/06/25,1.713029
2019/06/25,1.725605
2019/06/25,1.738872
2019/06/25,1.752959
2019/06/25,1.767342
2019/06/25,1.782592
2019/06/25,1.79822
2019/06/25,1.81381
2019/06/25,1.829187
2019/06/25,1.8442
2019/06/25,1.858883
2019/06/25,1.873432
2019/06/25,1.887703
2019/06/25,1.901566
2019/06/25,1.914911
2019/06/25,1.928213
2019/06/25,1.941848
2019/06/25,1.954222
2019/06/25,1.966211
2019/06/25,1.978103
2019/06/25,1.989652
2019/06/26,2.41795
2019/06/26,2.4273
2019/06/26,2.318654
2019/06/26,2.246477
2019/06/26,2.193939
2019/06/26,2.145475
2019/06/26,2.115053
2019/06/26,2.052385
2019/06/26,1.970212
2019/06/26,1.902964
2019/06/26,1.848194
2019/06/26,1.809246
2019/06/26,1.777581
2019/06/26,1.756408
2019/06/26,1.742047
2019/06/26,1.734013
2019/06/26,1.729444
2019/06/26,1.728631
2019/06/26,1.730893
2019/06/26,1.735229
2019/06/26,1.74165
2019/06/26,1.749278
2019/06/26,1.758301
2019/06/26,1.768763
2019/06/26,1.780198
2019/06/26,1.792705
2019/06/26,1.805909
2019/06/26,1.819938
2019/06/26,1.834268
2019/06/26,1.849469
2019/06/26,1.865052
2019/06/26,1.880601
2019/06/26,1.895939
2019/06/26,1.910915
2019/06/26,1.9259
2019/06/26,1.940731
2019/06/26,1.955266
2019/06/26,1.969224
2019/06/26,1.982658
2019/06/26,1.996045
2019/06/26,2.009764
2019/06/26,2.022213
2019/06/26,2.034272
2019/06/26,2.04623
2019/06/26,2.057843
2019/06/27,2.404268
2019/06/27,2.420684
2019/06/27,2.312663
2019/06/27,2.23993
2019/06/27,2.18474
2019/06/27,2.134511
2019/06/27,2.103235
2019/06/27,2.039191
2019/06/27,1.954998
2019/06/27,1.885558
2019/06/27,1.828505
2019/06/27,1.787961
2019/06/27,1.755112
2019/06/27,1.733035
2019/06/27,1.717959
2019/06/27,1.709349
2019/06/27,1.704303
2019/06/27,1.703064
2019/06/27,1.70499
2019/06/27,1.709057
2019/06/27,1.715207
2019/06/27,1.722614
2019/06/27,1.731442
2019/06/27,1.741731
2019/06/27,1.75301
2019/06/27,1.765377
2019/06/27,1.778454
2019/06/27,1.792149
2019/06/27,1.806173
2019/06/27,1.821093
2019/06/27,1.836416
2019/06/27,1.851725
2019/06/27,1.86684
2019/06/27,1.881608
2019/06/27,1.8964
2019/06/27,1.91105
2019/06/27,1.925414
2019/06/27,1.939213
2019/06/27,1.952497
2019/06/27,1.965741
2019/06/27,1.979316
2019/06/27,1.991639
2019/06/27,2.003579
2019/06/27,2.015423
2019/06/27,2.026928
2019/06/28,2.404775
2019/06/28,2.417351
2019/06/28,2.314408
2019/06/28,2.243649
2019/06/28,2.189587
2019/06/28,2.140284
2019/06/28,2.109531
2019/06/28,2.048291
2019/06/28,1.966705
2019/06/28,1.899871
2019/06/28,1.844565
2019/06/28,1.805288
2019/06/28,1.772757
2019/06/28,1.750939
2019/06/28,1.735569
2019/06/28,1.72626
2019/06/28,1.720637
2019/06/28,1.718879
2019/06/28,1.720037
2019/06/28,1.723175
2019/06/28,1.728377
2019/06/28,1.735014
2019/06/28,1.743157
2019/06/28,1.752835
2019/06/28,1.763564
2019/06/28,1.775434
2019/06/28,1.78806
2019/06/28,1.801343
2019/06/28,1.814991
2019/06/28,1.829564
2019/06/28,1.844568
2019/06/28,1.859581
2019/06/28,1.874421
2019/06/28,1.888933
2019/06/28,1.903486
2019/06/28,1.917912
2019/06/28,1.932067
2019/06/28,1.945669
2019/06/28,1.958767
2019/06/28,1.971836
2019/06/28,1.985233
2019/06/28,1.9974
2019/06/28,2.009192
2019/06/28,2.020896
2019/06/28,2.032267
