PERMNO,date,TICKER,PRC
10107,2019/04/01,MSFT,119.02000
10107,2019/04/02,MSFT,119.19000
10107,2019/04/03,MSFT,119.97000
10107,2019/04/04,MSFT,119.36000
10107,2019/04/05,MSFT,119.89000
10107,2019/04/08,MSFT,119.93000
10107,2019/04/09,MSFT,119.28000
10107,2019/04/10,MSFT,120.19000
10107,2019/04/11,MSFT,120.33000
10107,2019/04/12,MSFT,120.95000
10107,2019/04/15,MSFT,121.05000
10107,2019/04/16,MSFT,120.77000
10107,2019/04/17,MSFT,121.77000
10107,2019/04/18,MSFT,123.37000
10107,2019/04/22,MSFT,123.76000
10107,2019/04/23,MSFT,125.44000
10107,2019/04/24,MSFT,125.01000
10107,2019/04/25,MSFT,129.14999
10107,2019/04/26,MSFT,129.89000
10107,2019/04/29,MSFT,129.77000
10107,2019/04/30,MSFT,130.60001
10107,2019/05/01,MSFT,127.88000
10107,2019/05/02,MSFT,126.21000
10107,2019/05/03,MSFT,128.89999
10107,2019/05/06,MSFT,128.14999
10107,2019/05/07,MSFT,125.52000
10107,2019/05/08,MSFT,125.51000
10107,2019/05/09,MSFT,125.50000
10107,2019/05/10,MSFT,127.13000
10107,2019/05/13,MSFT,123.35000
10107,2019/05/14,MSFT,124.73000
10107,2019/05/15,MSFT,126.02000
10107,2019/05/16,MSFT,128.92999
10107,2019/05/17,MSFT,128.07001
10107,2019/05/20,MSFT,126.22000
10107,2019/05/21,MSFT,126.90000
10107,2019/05/22,MSFT,127.67000
10107,2019/05/23,MSFT,126.18000
10107,2019/05/24,MSFT,126.24000
10107,2019/05/28,MSFT,126.16000
10107,2019/05/29,MSFT,124.94000
10107,2019/05/30,MSFT,125.73000
10107,2019/05/31,MSFT,123.68000
10107,2019/06/03,MSFT,119.84000
10107,2019/06/04,MSFT,123.16000
10107,2019/06/05,MSFT,125.83000
10107,2019/06/06,MSFT,127.82000
10107,2019/06/07,MSFT,131.39999
10107,2019/06/10,MSFT,132.60001
10107,2019/06/11,MSFT,132.10001
10107,2019/06/12,MSFT,131.49001
10107,2019/06/13,MSFT,132.32001
10107,2019/06/14,MSFT,132.45000
10107,2019/06/17,MSFT,132.85001
10107,2019/06/18,MSFT,135.16000
10107,2019/06/19,MSFT,135.69000
10107,2019/06/20,MSFT,136.95000
10107,2019/06/21,MSFT,136.97000
10107,2019/06/24,MSFT,137.78000
10107,2019/06/25,MSFT,133.42999
10107,2019/06/26,MSFT,133.92999
10107,2019/06/27,MSFT,134.14999
10107,2019/06/28,MSFT,133.96001
11308,2019/04/01,KO,46.72000
11308,2019/04/02,KO,46.57000
11308,2019/04/03,KO,46.18000
11308,2019/04/04,KO,46.48000
11308,2019/04/05,KO,46.47000
11308,2019/04/08,KO,46.55000
11308,2019/04/09,KO,46.67000
11308,2019/04/10,KO,46.64000
11308,2019/04/11,KO,46.71000
11308,2019/04/12,KO,46.74000
11308,2019/04/15,KO,47.00000
11308,2019/04/16,KO,46.95000
11308,2019/04/17,KO,47.28000
11308,2019/04/18,KO,47.48000
11308,2019/04/22,KO,47.40000
11308,2019/04/23,KO,48.21000
11308,2019/04/24,KO,47.98000
11308,2019/04/25,KO,47.84000
11308,2019/04/26,KO,48.26000
11308,2019/04/29,KO,48.42000
11308,2019/04/30,KO,49.06000
11308,2019/05/01,KO,48.59000
11308,2019/05/02,KO,48.39000
11308,2019/05/03,KO,48.72000
11308,2019/05/06,KO,48.47000
11308,2019/05/07,KO,48.00000
11308,2019/05/08,KO,47.85000
11308,2019/05/09,KO,47.40000
11308,2019/05/10,KO,48.19000
11308,2019/05/13,KO,48.05000
11308,2019/05/14,KO,48.69000
11308,2019/05/15,KO,49.18000
11308,2019/05/16,KO,49.58000
11308,2019/05/17,KO,49.20000
11308,2019/05/20,KO,48.85000
11308,2019/05/21,KO,48.60000
11308,2019/05/22,KO,49.65000
11308,2019/05/23,KO,49.85000
11308,2019/05/24,KO,49.61000
11308,2019/05/28,KO,49.10000
11308,2019/05/29,KO,48.61000
11308,2019/05/30,KO,49.25000
11308,2019/05/31,KO,49.13000
11308,2019/06/03,KO,49.98000
11308,2019/06/04,KO,50.00000
11308,2019/06/05,KO,50.78000
11308,2019/06/06,KO,51.40000
11308,2019/06/07,KO,51.49000
11308,2019/06/10,KO,51.38000
11308,2019/06/11,KO,51.33000
11308,2019/06/12,KO,51.64000
11308,2019/06/13,KO,51.13000
11308,2019/06/14,KO,51.31000
11308,2019/06/17,KO,50.87000
11308,2019/06/18,KO,50.64000
11308,2019/06/19,KO,51.12000
11308,2019/06/20,KO,51.66000
11308,2019/06/21,KO,51.55000
11308,2019/06/24,KO,51.92000
11308,2019/06/25,KO,51.76000
11308,2019/06/26,KO,51.12000
11308,2019/06/27,KO,51.08000
11308,2019/06/28,KO,50.92000
11850,2019/04/01,XOM,81.73000
11850,2019/04/02,XOM,81.38000
11850,2019/04/03,XOM,80.90000
11850,2019/04/04,XOM,82.05000
11850,2019/04/05,XOM,82.49000
11850,2019/04/08,XOM,83.00000
11850,2019/04/09,XOM,81.93000
11850,2019/04/10,XOM,81.56000
11850,2019/04/11,XOM,81.95000
11850,2019/04/12,XOM,80.92000
11850,2019/04/15,XOM,80.65000
11850,2019/04/16,XOM,81.20000
11850,2019/04/17,XOM,81.43000
11850,2019/04/18,XOM,81.13000
11850,2019/04/22,XOM,82.90000
11850,2019/04/23,XOM,83.38000
11850,2019/04/24,XOM,81.76000
11850,2019/04/25,XOM,82.22000
11850,2019/04/26,XOM,80.49000
11850,2019/04/29,XOM,79.97000
11850,2019/04/30,XOM,80.28000
11850,2019/05/01,XOM,78.67000
11850,2019/05/02,XOM,77.29000
11850,2019/05/03,XOM,77.47000
11850,2019/05/06,XOM,77.13000
11850,2019/05/07,XOM,76.72000
11850,2019/05/08,XOM,76.84000
11850,2019/05/09,XOM,76.77000
11850,2019/05/10,XOM,76.56000
11850,2019/05/13,XOM,75.71000
11850,2019/05/14,XOM,75.81000
11850,2019/05/15,XOM,76.37000
11850,2019/05/16,XOM,76.36000
11850,2019/05/17,XOM,75.91000
11850,2019/05/20,XOM,75.90000
11850,2019/05/21,XOM,76.25000
11850,2019/05/22,XOM,75.56000
11850,2019/05/23,XOM,73.79000
11850,2019/05/24,XOM,74.10000
11850,2019/05/28,XOM,72.61000
11850,2019/05/29,XOM,72.16000
11850,2019/05/30,XOM,71.97000
11850,2019/05/31,XOM,70.77000
11850,2019/06/03,XOM,71.88000
11850,2019/06/04,XOM,73.59000
11850,2019/06/05,XOM,72.98000
11850,2019/06/06,XOM,74.31000
11850,2019/06/07,XOM,74.58000
11850,2019/06/10,XOM,74.91000
11850,2019/06/11,XOM,74.84000
11850,2019/06/12,XOM,74.03000
11850,2019/06/13,XOM,74.68000
11850,2019/06/14,XOM,74.35000
11850,2019/06/17,XOM,75.09000
11850,2019/06/18,XOM,75.74000
11850,2019/06/19,XOM,75.32000
11850,2019/06/20,XOM,76.61000
11850,2019/06/21,XOM,77.69000
11850,2019/06/24,XOM,76.95000
11850,2019/06/25,XOM,76.27000
11850,2019/06/26,XOM,76.60000
11850,2019/06/27,XOM,75.82000
11850,2019/06/28,XOM,76.63000
12060,2019/04/01,GE,10.10000
12060,2019/04/02,GE,10.24000
12060,2019/04/03,GE,10.10000
12060,2019/04/04,GE,10.03000
12060,2019/04/05,GE,10.01000
12060,2019/04/08,GE,9.49000
12060,2019/04/09,GE,9.22000
12060,2019/04/10,GE,9.16000
12060,2019/04/11,GE,9.12000
12060,2019/04/12,GE,9.00000
12060,2019/04/15,GE,8.98000
12060,2019/04/16,GE,9.14000
12060,2019/04/17,GE,9.12000
12060,2019/04/18,GE,9.35000
12060,2019/04/22,GE,9.32000
12060,2019/04/23,GE,9.33000
12060,2019/04/24,GE,9.32000
12060,2019/04/25,GE,9.12000
12060,2019/04/26,GE,9.57000
12060,2019/04/29,GE,9.73000
12060,2019/04/30,GE,10.17000
12060,2019/05/01,GE,10.10000
12060,2019/05/02,GE,10.25000
12060,2019/05/03,GE,10.50000
12060,2019/05/06,GE,10.43000
12060,2019/05/07,GE,10.11000
12060,2019/05/08,GE,10.16000
12060,2019/05/09,GE,10.04000
12060,2019/05/10,GE,10.13000
12060,2019/05/13,GE,9.87000
12060,2019/05/14,GE,10.32000
12060,2019/05/15,GE,10.26000
12060,2019/05/16,GE,10.13000
12060,2019/05/17,GE,10.00000
12060,2019/05/20,GE,9.88000
12060,2019/05/21,GE,9.96000
12060,2019/05/22,GE,9.90000
12060,2019/05/23,GE,9.56000
12060,2019/05/24,GE,9.45000
12060,2019/05/28,GE,9.36000
12060,2019/05/29,GE,9.37000
12060,2019/05/30,GE,9.47000
12060,2019/05/31,GE,9.44000
12060,2019/06/03,GE,9.53000
12060,2019/06/04,GE,10.00000
12060,2019/06/05,GE,9.89000
12060,2019/06/06,GE,9.92000
12060,2019/06/07,GE,9.98000
12060,2019/06/10,GE,10.05000
12060,2019/06/11,GE,10.12000
12060,2019/06/12,GE,10.28000
12060,2019/06/13,GE,10.31000
12060,2019/06/14,GE,10.23000
12060,2019/06/17,GE,10.05000
12060,2019/06/18,GE,10.42000
12060,2019/06/19,GE,10.34000
12060,2019/06/20,GE,10.63000
12060,2019/06/21,GE,10.48000
12060,2019/06/24,GE,10.28000
12060,2019/06/25,GE,10.22000
12060,2019/06/26,GE,10.27000
12060,2019/06/27,GE,10.40000
12060,2019/06/28,GE,10.50000
12490,2019/04/01,IBM,143.30000
12490,2019/04/02,IBM,143.00000
12490,2019/04/03,IBM,143.63000
12490,2019/04/04,IBM,142.78000
12490,2019/04/05,IBM,143.28000
12490,2019/04/08,IBM,143.39000
12490,2019/04/09,IBM,142.11000
12490,2019/04/10,IBM,143.02000
12490,2019/04/11,IBM,143.78000
12490,2019/04/12,IBM,144.35001
12490,2019/04/15,IBM,143.89999
12490,2019/04/16,IBM,145.14000
12490,2019/04/17,IBM,139.11000
12490,2019/04/18,IBM,140.33000
12490,2019/04/22,IBM,138.89000
12490,2019/04/23,IBM,140.44000
12490,2019/04/24,IBM,139.95000
12490,2019/04/25,IBM,138.63000
12490,2019/04/26,IBM,139.44000
12490,2019/04/29,IBM,139.05000
12490,2019/04/30,IBM,140.27000
12490,2019/05/01,IBM,140.56000
12490,2019/05/02,IBM,139.59000
12490,2019/05/03,IBM,140.25000
12490,2019/05/06,IBM,140.38000
12490,2019/05/07,IBM,137.64000
12490,2019/05/08,IBM,138.00000
12490,2019/05/09,IBM,135.34000
12490,2019/05/10,IBM,135.32001
12490,2019/05/13,IBM,131.42000
12490,2019/05/14,IBM,133.31000
12490,2019/05/15,IBM,134.39999
12490,2019/05/16,IBM,135.88000
12490,2019/05/17,IBM,134.32001
12490,2019/05/20,IBM,135.12000
12490,2019/05/21,IBM,136.45000
12490,2019/05/22,IBM,136.35001
12490,2019/05/23,IBM,132.39000
12490,2019/05/24,IBM,132.28000
12490,2019/05/28,IBM,130.46001
12490,2019/05/29,IBM,129.69000
12490,2019/05/30,IBM,129.57001
12490,2019/05/31,IBM,126.99000
12490,2019/06/03,IBM,128.27000
12490,2019/06/04,IBM,132.69000
12490,2019/06/05,IBM,131.49001
12490,2019/06/06,IBM,132.22000
12490,2019/06/07,IBM,133.31000
12490,2019/06/10,IBM,134.74001
12490,2019/06/11,IBM,135.95000
12490,2019/06/12,IBM,134.87000
12490,2019/06/13,IBM,135.75999
12490,2019/06/14,IBM,135.14999
12490,2019/06/17,IBM,134.95000
12490,2019/06/18,IBM,136.38000
12490,2019/06/19,IBM,137.08000
12490,2019/06/20,IBM,138.85001
12490,2019/06/21,IBM,139.20000
12490,2019/06/24,IBM,139.35001
12490,2019/06/25,IBM,138.36000
12490,2019/06/26,IBM,138.52000
12490,2019/06/27,IBM,138.52000
12490,2019/06/28,IBM,137.89999
14541,2019/04/01,CVX,124.94000
14541,2019/04/02,CVX,124.93000
14541,2019/04/03,CVX,123.89000
14541,2019/04/04,CVX,124.80000
14541,2019/04/05,CVX,126.42000
14541,2019/04/08,CVX,126.68000
14541,2019/04/09,CVX,125.54000
14541,2019/04/10,CVX,125.49000
14541,2019/04/11,CVX,125.99000
14541,2019/04/12,CVX,119.76000
14541,2019/04/15,CVX,120.14000
14541,2019/04/16,CVX,121.17000
14541,2019/04/17,CVX,120.27000
14541,2019/04/18,CVX,119.86000
14541,2019/04/22,CVX,121.90000
14541,2019/04/23,CVX,122.02000
14541,2019/04/24,CVX,118.28000
14541,2019/04/25,CVX,117.90000
14541,2019/04/26,CVX,117.10000
14541,2019/04/29,CVX,117.72000
14541,2019/04/30,CVX,120.06000
14541,2019/05/01,CVX,117.81000
14541,2019/05/02,CVX,116.38000
14541,2019/05/03,CVX,117.27000
14541,2019/05/06,CVX,118.40000
14541,2019/05/07,CVX,118.27000
14541,2019/05/08,CVX,117.50000
14541,2019/05/09,CVX,121.19000
14541,2019/05/10,CVX,121.99000
14541,2019/05/13,CVX,120.44000
14541,2019/05/14,CVX,121.64000
14541,2019/05/15,CVX,122.14000
14541,2019/05/16,CVX,120.80000
14541,2019/05/17,CVX,120.52000
14541,2019/05/20,CVX,120.84000
14541,2019/05/21,CVX,121.34000
14541,2019/05/22,CVX,120.57000
14541,2019/05/23,CVX,117.87000
14541,2019/05/24,CVX,118.71000
14541,2019/05/28,CVX,118.31000
14541,2019/05/29,CVX,116.77000
14541,2019/05/30,CVX,115.38000
14541,2019/05/31,CVX,113.85000
14541,2019/06/03,CVX,115.99000
14541,2019/06/04,CVX,117.30000
14541,2019/06/05,CVX,117.65000
14541,2019/06/06,CVX,120.68000
14541,2019/06/07,CVX,121.48000
14541,2019/06/10,CVX,122.29000
14541,2019/06/11,CVX,121.17000
14541,2019/06/12,CVX,120.19000
14541,2019/06/13,CVX,120.91000
14541,2019/06/14,CVX,120.81000
14541,2019/06/17,CVX,121.39000
14541,2019/06/18,CVX,122.93000
14541,2019/06/19,CVX,122.89000
14541,2019/06/20,CVX,124.28000
14541,2019/06/21,CVX,124.93000
14541,2019/06/24,CVX,124.91000
14541,2019/06/25,CVX,123.64000
14541,2019/06/26,CVX,123.93000
14541,2019/06/27,CVX,123.11000
14541,2019/06/28,CVX,124.44000
14593,2019/04/01,AAPL,191.24001
14593,2019/04/02,AAPL,194.02000
14593,2019/04/03,AAPL,195.35001
14593,2019/04/04,AAPL,195.69000
14593,2019/04/05,AAPL,197.00000
14593,2019/04/08,AAPL,200.10001
14593,2019/04/09,AAPL,199.50000
14593,2019/04/10,AAPL,200.62000
14593,2019/04/11,AAPL,198.95000
14593,2019/04/12,AAPL,198.87000
14593,2019/04/15,AAPL,199.23000
14593,2019/04/16,AAPL,199.25000
14593,2019/04/17,AAPL,203.13000
14593,2019/04/18,AAPL,203.86000
14593,2019/04/22,AAPL,204.53000
14593,2019/04/23,AAPL,207.48000
14593,2019/04/24,AAPL,207.16000
14593,2019/04/25,AAPL,205.28000
14593,2019/04/26,AAPL,204.30000
14593,2019/04/29,AAPL,204.61000
14593,2019/04/30,AAPL,200.67000
14593,2019/05/01,AAPL,210.52000
14593,2019/05/02,AAPL,209.14999
14593,2019/05/03,AAPL,211.75000
14593,2019/05/06,AAPL,208.48000
14593,2019/05/07,AAPL,202.86000
14593,2019/05/08,AAPL,202.89999
14593,2019/05/09,AAPL,200.72000
14593,2019/05/10,AAPL,197.17999
14593,2019/05/13,AAPL,185.72000
14593,2019/05/14,AAPL,188.66000
14593,2019/05/15,AAPL,190.92000
14593,2019/05/16,AAPL,190.08000
14593,2019/05/17,AAPL,189.00000
14593,2019/05/20,AAPL,183.09000
14593,2019/05/21,AAPL,186.60001
14593,2019/05/22,AAPL,182.78000
14593,2019/05/23,AAPL,179.66000
14593,2019/05/24,AAPL,178.97000
14593,2019/05/28,AAPL,178.23000
14593,2019/05/29,AAPL,177.38000
14593,2019/05/30,AAPL,178.30000
14593,2019/05/31,AAPL,175.07001
14593,2019/06/03,AAPL,173.30000
14593,2019/06/04,AAPL,179.64000
14593,2019/06/05,AAPL,182.53999
14593,2019/06/06,AAPL,185.22000
14593,2019/06/07,AAPL,190.14999
14593,2019/06/10,AAPL,192.58000
14593,2019/06/11,AAPL,194.81000
14593,2019/06/12,AAPL,194.19000
14593,2019/06/13,AAPL,194.14999
14593,2019/06/14,AAPL,192.74001
14593,2019/06/17,AAPL,193.89000
14593,2019/06/18,AAPL,198.45000
14593,2019/06/19,AAPL,197.87000
14593,2019/06/20,AAPL,199.46001
14593,2019/06/21,AAPL,198.78000
14593,2019/06/24,AAPL,198.58000
14593,2019/06/25,AAPL,195.57001
14593,2019/06/26,AAPL,199.80000
14593,2019/06/27,AAPL,199.74001
14593,2019/06/28,AAPL,197.92000
16851,2019/04/01,DWDP,54.42000
16851,2019/04/02,DWDP,36.49000
16851,2019/04/03,DWDP,37.35000
16851,2019/04/04,DWDP,37.78000
16851,2019/04/05,DWDP,37.90000
16851,2019/04/08,DWDP,38.14000
16851,2019/04/09,DWDP,38.22000
16851,2019/04/10,DWDP,38.50000
16851,2019/04/11,DWDP,38.89000
16851,2019/04/12,DWDP,39.47000
16851,2019/04/15,DWDP,38.90000
16851,2019/04/16,DWDP,39.15000
16851,2019/04/17,DWDP,39.20000
16851,2019/04/18,DWDP,39.00000
16851,2019/04/22,DWDP,38.32000
16851,2019/04/23,DWDP,38.28000
16851,2019/04/24,DWDP,38.29000
16851,2019/04/25,DWDP,37.60000
16851,2019/04/26,DWDP,38.00000
16851,2019/04/29,DWDP,37.96000
16851,2019/04/30,DWDP,38.45000
16851,2019/05/01,DWDP,37.31000
16851,2019/05/02,DWDP,34.67000
16851,2019/05/03,DWDP,34.89000
16851,2019/05/06,DWDP,33.62000
16851,2019/05/07,DWDP,32.14000
16851,2019/05/08,DWDP,31.68000
16851,2019/05/09,DWDP,30.99000
16851,2019/05/10,DWDP,31.48000
16851,2019/05/13,DWDP,30.24000
16851,2019/05/14,DWDP,30.76000
16851,2019/05/15,DWDP,30.10000
16851,2019/05/16,DWDP,30.80000
16851,2019/05/17,DWDP,30.97000
16851,2019/05/20,DWDP,31.03000
16851,2019/05/21,DWDP,31.99000
16851,2019/05/22,DWDP,31.72000
16851,2019/05/23,DWDP,30.94000
16851,2019/05/24,DWDP,31.08000
16851,2019/05/28,DWDP,30.77000
16851,2019/05/29,DWDP,31.09000
16851,2019/05/30,DWDP,31.17000
16851,2019/05/31,DWDP,30.52000
16851,2019/06/03,DD,76.10000
16851,2019/06/04,DD,74.11000
16851,2019/06/05,DD,74.86000
16851,2019/06/06,DD,72.66000
16851,2019/06/07,DD,73.64000
16851,2019/06/10,DD,73.75000
16851,2019/06/11,DD,73.73000
16851,2019/06/12,DD,73.46000
16851,2019/06/13,DD,74.83000
16851,2019/06/14,DD,75.08000
16851,2019/06/17,DD,74.75000
16851,2019/06/18,DD,74.25000
16851,2019/06/19,DD,72.97000
16851,2019/06/20,DD,74.98000
16851,2019/06/21,DD,74.64000
16851,2019/06/24,DD,74.70000
16851,2019/06/25,DD,74.13000
16851,2019/06/26,DD,73.84000
16851,2019/06/27,DD,73.83000
16851,2019/06/28,DD,75.07000
17830,2019/04/01,UTX,133.19000
17830,2019/04/02,UTX,131.89999
17830,2019/04/03,UTX,131.31000
17830,2019/04/04,UTX,132.70000
17830,2019/04/05,UTX,133.72000
17830,2019/04/08,UTX,133.56000
17830,2019/04/09,UTX,132.25000
17830,2019/04/10,UTX,131.66000
17830,2019/04/11,UTX,132.82001
17830,2019/04/12,UTX,135.30000
17830,2019/04/15,UTX,134.55000
17830,2019/04/16,UTX,135.34000
17830,2019/04/17,UTX,135.78999
17830,2019/04/18,UTX,137.00000
17830,2019/04/22,UTX,136.91000
17830,2019/04/23,UTX,140.02000
17830,2019/04/24,UTX,139.59000
17830,2019/04/25,UTX,139.73000
17830,2019/04/26,UTX,140.78000
17830,2019/04/29,UTX,142.12000
17830,2019/04/30,UTX,142.61000
17830,2019/05/01,UTX,141.58000
17830,2019/05/02,UTX,139.80000
17830,2019/05/03,UTX,141.63000
17830,2019/05/06,UTX,140.20000
17830,2019/05/07,UTX,135.44000
17830,2019/05/08,UTX,137.07001
17830,2019/05/09,UTX,136.86000
17830,2019/05/10,UTX,137.17000
17830,2019/05/13,UTX,131.96001
17830,2019/05/14,UTX,133.98000
17830,2019/05/15,UTX,133.98000
17830,2019/05/16,UTX,135.25000
17830,2019/05/17,UTX,133.75000
17830,2019/05/20,UTX,133.48000
17830,2019/05/21,UTX,136.03000
17830,2019/05/22,UTX,135.41000
17830,2019/05/23,UTX,130.45000
17830,2019/05/24,UTX,131.39999
17830,2019/05/28,UTX,129.92000
17830,2019/05/29,UTX,129.47000
17830,2019/05/30,UTX,128.39999
17830,2019/05/31,UTX,126.30000
17830,2019/06/03,UTX,126.86000
17830,2019/06/04,UTX,129.37000
17830,2019/06/05,UTX,131.36000
17830,2019/06/06,UTX,131.67000
17830,2019/06/07,UTX,132.14999
17830,2019/06/10,UTX,128.00999
17830,2019/06/11,UTX,122.94000
17830,2019/06/12,UTX,124.07000
17830,2019/06/13,UTX,124.81000
17830,2019/06/14,UTX,125.30000
17830,2019/06/17,UTX,124.23000
17830,2019/06/18,UTX,126.62000
17830,2019/06/19,UTX,126.76000
17830,2019/06/20,UTX,130.03000
17830,2019/06/21,UTX,128.75000
17830,2019/06/24,UTX,130.17999
17830,2019/06/25,UTX,129.02000
17830,2019/06/26,UTX,127.76000
17830,2019/06/27,UTX,128.97000
17830,2019/06/28,UTX,130.20000
18163,2019/04/01,PG,103.64000
18163,2019/04/02,PG,103.75000
18163,2019/04/03,PG,103.69000
18163,2019/04/04,PG,103.43000
18163,2019/04/05,PG,103.65000
18163,2019/04/08,PG,104.97000
18163,2019/04/09,PG,104.66000
18163,2019/04/10,PG,104.65000
18163,2019/04/11,PG,104.75000
18163,2019/04/12,PG,105.06000
18163,2019/04/15,PG,105.73000
18163,2019/04/16,PG,106.42000
18163,2019/04/17,PG,105.85000
18163,2019/04/18,PG,106.05000
18163,2019/04/22,PG,106.01000
18163,2019/04/23,PG,103.16000
18163,2019/04/24,PG,103.69000
18163,2019/04/25,PG,103.28000
18163,2019/04/26,PG,105.86000
18163,2019/04/29,PG,104.78000
18163,2019/04/30,PG,106.48000
18163,2019/05/01,PG,104.93000
18163,2019/05/02,PG,105.56000
18163,2019/05/03,PG,106.08000
18163,2019/05/06,PG,105.68000
18163,2019/05/07,PG,104.70000
18163,2019/05/08,PG,105.07000
18163,2019/05/09,PG,104.24000
18163,2019/05/10,PG,106.01000
18163,2019/05/13,PG,106.11000
18163,2019/05/14,PG,105.60000
18163,2019/05/15,PG,106.70000
18163,2019/05/16,PG,108.11000
18163,2019/05/17,PG,107.45000
18163,2019/05/20,PG,107.33000
18163,2019/05/21,PG,106.37000
18163,2019/05/22,PG,106.72000
18163,2019/05/23,PG,106.76000
18163,2019/05/24,PG,106.69000
18163,2019/05/28,PG,104.46000
18163,2019/05/29,PG,104.19000
18163,2019/05/30,PG,105.33000
18163,2019/05/31,PG,102.91000
18163,2019/06/03,PG,103.80000
18163,2019/06/04,PG,104.68000
18163,2019/06/05,PG,106.73000
18163,2019/06/06,PG,107.38000
18163,2019/06/07,PG,108.77000
18163,2019/06/10,PG,108.72000
18163,2019/06/11,PG,109.38000
18163,2019/06/12,PG,109.68000
18163,2019/06/13,PG,110.91000
18163,2019/06/14,PG,111.20000
18163,2019/06/17,PG,110.99000
18163,2019/06/18,PG,109.60000
18163,2019/06/19,PG,110.42000
18163,2019/06/20,PG,111.74000
18163,2019/06/21,PG,111.20000
18163,2019/06/24,PG,112.33000
18163,2019/06/25,PG,111.72000
18163,2019/06/26,PG,109.73000
18163,2019/06/27,PG,109.78000
18163,2019/06/28,PG,109.65000
18542,2019/04/01,CAT,140.25000
18542,2019/04/02,CAT,140.19000
18542,2019/04/03,CAT,139.25999
18542,2019/04/04,CAT,140.13000
18542,2019/04/05,CAT,140.36000
18542,2019/04/08,CAT,139.82001
18542,2019/04/09,CAT,136.35001
18542,2019/04/10,CAT,137.53000
18542,2019/04/11,CAT,138.87000
18542,2019/04/12,CAT,141.20000
18542,2019/04/15,CAT,140.25000
18542,2019/04/16,CAT,142.03000
18542,2019/04/17,CAT,142.74001
18542,2019/04/18,CAT,143.36000
18542,2019/04/22,CAT,142.38000
18542,2019/04/23,CAT,142.03000
18542,2019/04/24,CAT,137.73000
18542,2019/04/25,CAT,136.13000
18542,2019/04/26,CAT,139.03000
18542,2019/04/29,CAT,139.02000
18542,2019/04/30,CAT,139.42000
18542,2019/05/01,CAT,138.14999
18542,2019/05/02,CAT,135.17000
18542,2019/05/03,CAT,139.06000
18542,2019/05/06,CAT,136.75999
18542,2019/05/07,CAT,133.67000
18542,2019/05/08,CAT,131.95000
18542,2019/05/09,CAT,131.20000
18542,2019/05/10,CAT,131.34000
18542,2019/05/13,CAT,125.30000
18542,2019/05/14,CAT,127.47000
18542,2019/05/15,CAT,127.30000
18542,2019/05/16,CAT,126.61000
18542,2019/05/17,CAT,122.76000
18542,2019/05/20,CAT,122.43000
18542,2019/05/21,CAT,124.95000
18542,2019/05/22,CAT,123.56000
18542,2019/05/23,CAT,122.26000
18542,2019/05/24,CAT,122.90000
18542,2019/05/28,CAT,121.59000
18542,2019/05/29,CAT,121.48000
18542,2019/05/30,CAT,121.84000
18542,2019/05/31,CAT,119.81000
18542,2019/06/03,CAT,120.65000
18542,2019/06/04,CAT,122.08000
18542,2019/06/05,CAT,123.12000
18542,2019/06/06,CAT,123.39000
18542,2019/06/07,CAT,124.46000
18542,2019/06/10,CAT,125.74000
18542,2019/06/11,CAT,127.28000
18542,2019/06/12,CAT,127.10000
18542,2019/06/13,CAT,127.17000
18542,2019/06/14,CAT,127.23000
18542,2019/06/17,CAT,127.32000
18542,2019/06/18,CAT,130.33000
18542,2019/06/19,CAT,130.61000
18542,2019/06/20,CAT,133.63000
18542,2019/06/21,CAT,133.89000
18542,2019/06/24,CAT,134.37000
18542,2019/06/25,CAT,133.71001
18542,2019/06/26,CAT,135.14999
18542,2019/06/27,CAT,135.50000
18542,2019/06/28,CAT,136.28999
19561,2019/04/01,BA,391.54001
19561,2019/04/02,BA,390.75000
19561,2019/04/03,BA,384.73999
19561,2019/04/04,BA,395.85999
19561,2019/04/05,BA,391.92999
19561,2019/04/08,BA,374.51999
19561,2019/04/09,BA,369.04001
19561,2019/04/10,BA,364.94000
19561,2019/04/11,BA,370.16000
19561,2019/04/12,BA,379.64001
19561,2019/04/15,BA,375.45999
19561,2019/04/16,BA,381.72000
19561,2019/04/17,BA,377.51999
19561,2019/04/18,BA,380.07001
19561,2019/04/22,BA,375.17001
19561,2019/04/23,BA,374.01999
19561,2019/04/24,BA,375.45999
19561,2019/04/25,BA,382.79999
19561,2019/04/26,BA,380.79001
19561,2019/04/29,BA,379.04999
19561,2019/04/30,BA,377.69000
19561,2019/05/01,BA,376.79999
19561,2019/05/02,BA,375.79999
19561,2019/05/03,BA,376.45999
19561,2019/05/06,BA,371.60001
19561,2019/05/07,BA,357.23001
19561,2019/05/08,BA,359.75000
19561,2019/05/09,BA,354.13000
19561,2019/05/10,BA,354.67001
19561,2019/05/13,BA,337.37000
19561,2019/05/14,BA,343.04001
19561,2019/05/15,BA,345.64001
19561,2019/05/16,BA,353.81000
19561,2019/05/17,BA,355.01999
19561,2019/05/20,BA,352.79001
19561,2019/05/21,BA,358.75000
19561,2019/05/22,BA,352.78000
19561,2019/05/23,BA,350.54999
19561,2019/05/24,BA,354.89999
19561,2019/05/28,BA,354.88000
19561,2019/05/29,BA,348.79999
19561,2019/05/30,BA,349.87000
19561,2019/05/31,BA,341.60999
19561,2019/06/03,BA,338.89001
19561,2019/06/04,BA,344.62000
19561,2019/06/05,BA,348.75000
19561,2019/06/06,BA,350.64001
19561,2019/06/07,BA,353.70001
19561,2019/06/10,BA,353.79999
19561,2019/06/11,BA,349.32999
19561,2019/06/12,BA,347.03000
19561,2019/06/13,BA,348.85999
19561,2019/06/14,BA,347.16000
19561,2019/06/17,BA,354.89999
19561,2019/06/18,BA,373.95999
19561,2019/06/19,BA,368.56000
19561,2019/06/20,BA,374.88000
19561,2019/06/21,BA,371.84000
19561,2019/06/24,BA,373.98999
19561,2019/06/25,BA,369.32001
19561,2019/06/26,BA,374.94000
19561,2019/06/27,BA,364.01999
19561,2019/06/28,BA,364.01001
21936,2019/04/01,PFE,42.84000
21936,2019/04/02,PFE,42.91000
21936,2019/04/03,PFE,42.84000
21936,2019/04/04,PFE,42.74000
21936,2019/04/05,PFE,42.99000
21936,2019/04/08,PFE,43.14000
21936,2019/04/09,PFE,42.84000
21936,2019/04/10,PFE,42.73000
21936,2019/04/11,PFE,42.27000
21936,2019/04/12,PFE,41.71000
21936,2019/04/15,PFE,42.09000
21936,2019/04/16,PFE,40.92000
21936,2019/04/17,PFE,39.88000
21936,2019/04/18,PFE,39.38000
21936,2019/04/22,PFE,38.98000
21936,2019/04/23,PFE,39.42000
21936,2019/04/24,PFE,39.37000
21936,2019/04/25,PFE,39.61000
21936,2019/04/26,PFE,39.97000
21936,2019/04/29,PFE,39.59000
21936,2019/04/30,PFE,40.61000
21936,2019/05/01,PFE,40.77000
21936,2019/05/02,PFE,41.01000
21936,2019/05/03,PFE,41.39000
21936,2019/05/06,PFE,41.65000
21936,2019/05/07,PFE,40.83000
21936,2019/05/08,PFE,40.95000
21936,2019/05/09,PFE,40.64000
21936,2019/05/10,PFE,40.72000
21936,2019/05/13,PFE,40.57000
21936,2019/05/14,PFE,40.66000
21936,2019/05/15,PFE,41.15000
21936,2019/05/16,PFE,41.64000
21936,2019/05/17,PFE,41.47000
21936,2019/05/20,PFE,41.59000
21936,2019/05/21,PFE,41.67000
21936,2019/05/22,PFE,41.99000
21936,2019/05/23,PFE,41.92000
21936,2019/05/24,PFE,41.95000
21936,2019/05/28,PFE,41.90000
21936,2019/05/29,PFE,41.72000
21936,2019/05/30,PFE,41.90000
21936,2019/05/31,PFE,41.52000
21936,2019/06/03,PFE,41.92000
21936,2019/06/04,PFE,42.23000
21936,2019/06/05,PFE,42.48000
21936,2019/06/06,PFE,42.71000
21936,2019/06/07,PFE,42.92000
21936,2019/06/10,PFE,43.07000
21936,2019/06/11,PFE,42.67000
21936,2019/06/12,PFE,43.08000
21936,2019/06/13,PFE,42.50000
21936,2019/06/14,PFE,42.76000
21936,2019/06/17,PFE,42.88000
21936,2019/06/18,PFE,43.07000
21936,2019/06/19,PFE,43.50000
21936,2019/06/20,PFE,43.60000
21936,2019/06/21,PFE,43.67000
21936,2019/06/24,PFE,43.76000
21936,2019/06/25,PFE,43.76000
21936,2019/06/26,PFE,42.99000
21936,2019/06/27,PFE,43.43000
21936,2019/06/28,PFE,43.32000
22111,2019/04/01,JNJ,138.98000
22111,2019/04/02,JNJ,137.71001
22111,2019/04/03,JNJ,137.17000
22111,2019/04/04,JNJ,135.57001
22111,2019/04/05,JNJ,136.17999
22111,2019/04/08,JNJ,136.14000
22111,2019/04/09,JNJ,135.57001
22111,2019/04/10,JNJ,135.58000
22111,2019/04/11,JNJ,135.21001
22111,2019/04/12,JNJ,135.98000
22111,2019/04/15,JNJ,136.52000
22111,2019/04/16,JNJ,138.02000
22111,2019/04/17,JNJ,138.52000
22111,2019/04/18,JNJ,137.52000
22111,2019/04/22,JNJ,137.83000
22111,2019/04/23,JNJ,139.89999
22111,2019/04/24,JNJ,139.20000
22111,2019/04/25,JNJ,139.64999
22111,2019/04/26,JNJ,140.39000
22111,2019/04/29,JNJ,139.84000
22111,2019/04/30,JNJ,141.20000
22111,2019/05/01,JNJ,141.95000
22111,2019/05/02,JNJ,141.28000
22111,2019/05/03,JNJ,142.00999
22111,2019/05/06,JNJ,142.09000
22111,2019/05/07,JNJ,139.97000
22111,2019/05/08,JNJ,139.78999
22111,2019/05/09,JNJ,138.73000
22111,2019/05/10,JNJ,139.05000
22111,2019/05/13,JNJ,137.20000
22111,2019/05/14,JNJ,136.82001
22111,2019/05/15,JNJ,136.91000
22111,2019/05/16,JNJ,138.21001
22111,2019/05/17,JNJ,138.61000
22111,2019/05/20,JNJ,138.42000
22111,2019/05/21,JNJ,138.12000
22111,2019/05/22,JNJ,138.75999
22111,2019/05/23,JNJ,139.78999
22111,2019/05/24,JNJ,138.85001
22111,2019/05/28,JNJ,137.07001
22111,2019/05/29,JNJ,131.33000
22111,2019/05/30,JNJ,132.11000
22111,2019/05/31,JNJ,131.14999
22111,2019/06/03,JNJ,131.44000
22111,2019/06/04,JNJ,133.73000
22111,2019/06/05,JNJ,134.38000
22111,2019/06/06,JNJ,136.67999
22111,2019/06/07,JNJ,138.55000
22111,2019/06/10,JNJ,139.02000
22111,2019/06/11,JNJ,139.78000
22111,2019/06/12,JNJ,141.67999
22111,2019/06/13,JNJ,140.71001
22111,2019/06/14,JNJ,140.09000
22111,2019/06/17,JNJ,139.44000
22111,2019/06/18,JNJ,140.23000
22111,2019/06/19,JNJ,140.45000
22111,2019/06/20,JNJ,142.21001
22111,2019/06/21,JNJ,142.09000
22111,2019/06/24,JNJ,143.06000
22111,2019/06/25,JNJ,144.24001
22111,2019/06/26,JNJ,141.85001
22111,2019/06/27,JNJ,140.69000
22111,2019/06/28,JNJ,139.28000
22592,2019/04/01,MMM,211.94000
22592,2019/04/02,MMM,212.13000
22592,2019/04/03,MMM,213.13000
22592,2019/04/04,MMM,215.03000
22592,2019/04/05,MMM,215.41000
22592,2019/04/08,MMM,215.02000
22592,2019/04/09,MMM,211.96001
22592,2019/04/10,MMM,212.11000
22592,2019/04/11,MMM,213.53000
22592,2019/04/12,MMM,217.42000
22592,2019/04/15,MMM,215.83000
22592,2019/04/16,MMM,216.89999
22592,2019/04/17,MMM,217.64000
22592,2019/04/18,MMM,218.88000
22592,2019/04/22,MMM,218.53999
22592,2019/04/23,MMM,219.50000
22592,2019/04/24,MMM,219.08000
22592,2019/04/25,MMM,190.72000
22592,2019/04/26,MMM,191.67000
22592,2019/04/29,MMM,190.21001
22592,2019/04/30,MMM,189.50999
22592,2019/05/01,MMM,186.07001
22592,2019/05/02,MMM,184.75000
22592,2019/05/03,MMM,185.22000
22592,2019/05/06,MMM,183.03999
22592,2019/05/07,MMM,179.12000
22592,2019/05/08,MMM,178.59000
22592,2019/05/09,MMM,175.28000
22592,2019/05/10,MMM,175.86000
22592,2019/05/13,MMM,174.07001
22592,2019/05/14,MMM,175.21001
22592,2019/05/15,MMM,174.12000
22592,2019/05/16,MMM,171.81000
22592,2019/05/17,MMM,169.09000
22592,2019/05/20,MMM,166.25000
22592,2019/05/21,MMM,167.30000
22592,2019/05/22,MMM,169.74001
22592,2019/05/23,MMM,165.87000
22592,2019/05/24,MMM,166.09000
22592,2019/05/28,MMM,163.35001
22592,2019/05/29,MMM,161.39999
22592,2019/05/30,MMM,160.58000
22592,2019/05/31,MMM,159.75000
22592,2019/06/03,MMM,160.03999
22592,2019/06/04,MMM,164.28999
22592,2019/06/05,MMM,163.85001
22592,2019/06/06,MMM,164.72000
22592,2019/06/07,MMM,166.61000
22592,2019/06/10,MMM,168.28999
22592,2019/06/11,MMM,168.91000
22592,2019/06/12,MMM,169.00999
22592,2019/06/13,MMM,168.85001
22592,2019/06/14,MMM,166.69000
22592,2019/06/17,MMM,166.78000
22592,2019/06/18,MMM,171.86000
22592,2019/06/19,MMM,170.75000
22592,2019/06/20,MMM,173.94000
22592,2019/06/21,MMM,173.35001
22592,2019/06/24,MMM,173.38000
22592,2019/06/25,MMM,172.03000
22592,2019/06/26,MMM,171.88000
22592,2019/06/27,MMM,171.50000
22592,2019/06/28,MMM,173.34000
22752,2019/04/01,MRK,83.30000
22752,2019/04/02,MRK,83.21000
22752,2019/04/03,MRK,83.18000
22752,2019/04/04,MRK,81.85000
22752,2019/04/05,MRK,81.15000
22752,2019/04/08,MRK,80.95000
22752,2019/04/09,MRK,80.80000
22752,2019/04/10,MRK,80.82000
22752,2019/04/11,MRK,79.84000
22752,2019/04/12,MRK,79.43000
22752,2019/04/15,MRK,78.53000
22752,2019/04/16,MRK,77.56000
22752,2019/04/17,MRK,73.92000
22752,2019/04/18,MRK,73.19000
22752,2019/04/22,MRK,73.46000
22752,2019/04/23,MRK,74.60000
22752,2019/04/24,MRK,74.73000
22752,2019/04/25,MRK,76.34000
22752,2019/04/26,MRK,76.63000
22752,2019/04/29,MRK,76.78000
22752,2019/04/30,MRK,78.71000
22752,2019/05/01,MRK,78.72000
22752,2019/05/02,MRK,79.52000
22752,2019/05/03,MRK,80.00000
22752,2019/05/06,MRK,79.48000
22752,2019/05/07,MRK,77.90000
22752,2019/05/08,MRK,78.18000
22752,2019/05/09,MRK,78.33000
22752,2019/05/10,MRK,78.19000
22752,2019/05/13,MRK,77.17000
22752,2019/05/14,MRK,77.42000
22752,2019/05/15,MRK,77.55000
22752,2019/05/16,MRK,79.13000
22752,2019/05/17,MRK,78.72000
22752,2019/05/20,MRK,78.88000
22752,2019/05/21,MRK,79.50000
22752,2019/05/22,MRK,80.98000
22752,2019/05/23,MRK,81.02000
22752,2019/05/24,MRK,81.17000
22752,2019/05/28,MRK,80.26000
22752,2019/05/29,MRK,79.36000
22752,2019/05/30,MRK,79.68000
22752,2019/05/31,MRK,79.21000
22752,2019/06/03,MRK,80.26000
22752,2019/06/04,MRK,81.08000
22752,2019/06/05,MRK,81.69000
22752,2019/06/06,MRK,81.44000
22752,2019/06/07,MRK,82.46000
22752,2019/06/10,MRK,82.48000
22752,2019/06/11,MRK,82.98000
22752,2019/06/12,MRK,83.71000
22752,2019/06/13,MRK,82.90000
22752,2019/06/14,MRK,82.78000
22752,2019/06/17,MRK,83.30000
22752,2019/06/18,MRK,84.49000
22752,2019/06/19,MRK,85.36000
22752,2019/06/20,MRK,84.60000
22752,2019/06/21,MRK,84.57000
22752,2019/06/24,MRK,85.51000
22752,2019/06/25,MRK,85.24000
22752,2019/06/26,MRK,83.54000
22752,2019/06/27,MRK,83.83000
22752,2019/06/28,MRK,83.85000
26403,2019/04/01,DIS,112.51000
26403,2019/04/02,DIS,111.96000
26403,2019/04/03,DIS,112.52000
26403,2019/04/04,DIS,114.75000
26403,2019/04/05,DIS,115.00000
26403,2019/04/08,DIS,114.96000
26403,2019/04/09,DIS,116.86000
26403,2019/04/10,DIS,117.16000
26403,2019/04/11,DIS,116.60000
26403,2019/04/12,DIS,130.06000
26403,2019/04/15,DIS,132.03999
26403,2019/04/16,DIS,129.89999
26403,2019/04/17,DIS,131.75000
26403,2019/04/18,DIS,132.45000
26403,2019/04/22,DIS,131.67999
26403,2019/04/23,DIS,133.36000
26403,2019/04/24,DIS,135.10001
26403,2019/04/25,DIS,137.24001
26403,2019/04/26,DIS,139.92000
26403,2019/04/29,DIS,139.30000
26403,2019/04/30,DIS,136.97000
26403,2019/05/01,DIS,136.38000
26403,2019/05/02,DIS,134.14000
26403,2019/05/03,DIS,134.33000
26403,2019/05/06,DIS,135.00000
26403,2019/05/07,DIS,133.44000
26403,2019/05/08,DIS,134.99001
26403,2019/05/09,DIS,133.59000
26403,2019/05/10,DIS,134.03999
26403,2019/05/13,DIS,131.34000
26403,2019/05/14,DIS,133.20000
26403,2019/05/15,DIS,134.67999
26403,2019/05/16,DIS,135.50000
26403,2019/05/17,DIS,135.03999
26403,2019/05/20,DIS,133.91000
26403,2019/05/21,DIS,134.09000
26403,2019/05/22,DIS,133.85001
26403,2019/05/23,DIS,132.73000
26403,2019/05/24,DIS,132.78999
26403,2019/05/28,DIS,132.62000
26403,2019/05/29,DIS,131.57001
26403,2019/05/30,DIS,132.20000
26403,2019/05/31,DIS,132.03999
26403,2019/06/03,DIS,132.47000
26403,2019/06/04,DIS,134.82001
26403,2019/06/05,DIS,135.94000
26403,2019/06/06,DIS,137.21001
26403,2019/06/07,DIS,138.03999
26403,2019/06/10,DIS,137.07001
26403,2019/06/11,DIS,135.08000
26403,2019/06/12,DIS,135.72000
26403,2019/06/13,DIS,141.74001
26403,2019/06/14,DIS,141.64999
26403,2019/06/17,DIS,140.97000
26403,2019/06/18,DIS,139.24001
26403,2019/06/19,DIS,140.92000
26403,2019/06/20,DIS,142.02000
26403,2019/06/21,DIS,140.23000
26403,2019/06/24,DIS,139.22000
26403,2019/06/25,DIS,139.94000
26403,2019/06/26,DIS,140.39999
26403,2019/06/27,DIS,139.30000
26403,2019/06/28,DIS,139.64000
43449,2019/04/01,MCD,188.39000
43449,2019/04/02,MCD,188.35001
43449,2019/04/03,MCD,188.35001
43449,2019/04/04,MCD,189.87000
43449,2019/04/05,MCD,190.71001
43449,2019/04/08,MCD,189.85001
43449,2019/04/09,MCD,190.08000
43449,2019/04/10,MCD,189.22000
43449,2019/04/11,MCD,188.88000
43449,2019/04/12,MCD,191.60001
43449,2019/04/15,MCD,191.85001
43449,2019/04/16,MCD,191.70000
43449,2019/04/17,MCD,191.61000
43449,2019/04/18,MCD,194.91000
43449,2019/04/22,MCD,193.92000
43449,2019/04/23,MCD,195.25999
43449,2019/04/24,MCD,197.63000
43449,2019/04/25,MCD,197.92999
43449,2019/04/26,MCD,197.42000
43449,2019/04/29,MCD,197.12000
43449,2019/04/30,MCD,197.57001
43449,2019/05/01,MCD,194.17000
43449,2019/05/02,MCD,194.61000
43449,2019/05/03,MCD,197.52000
43449,2019/05/06,MCD,198.89999
43449,2019/05/07,MCD,198.03999
43449,2019/05/08,MCD,198.03000
43449,2019/05/09,MCD,197.73000
43449,2019/05/10,MCD,199.99001
43449,2019/05/13,MCD,199.03000
43449,2019/05/14,MCD,198.00999
43449,2019/05/15,MCD,199.07001
43449,2019/05/16,MCD,199.99001
43449,2019/05/17,MCD,199.22000
43449,2019/05/20,MCD,198.99001
43449,2019/05/21,MCD,199.84000
43449,2019/05/22,MCD,199.96001
43449,2019/05/23,MCD,198.97000
43449,2019/05/24,MCD,197.77000
43449,2019/05/28,MCD,196.67000
43449,2019/05/29,MCD,196.02000
43449,2019/05/30,MCD,199.24001
43449,2019/05/31,MCD,198.27000
43449,2019/06/03,MCD,198.78000
43449,2019/06/04,MCD,199.63000
43449,2019/06/05,MCD,200.13000
43449,2019/06/06,MCD,203.05000
43449,2019/06/07,MCD,205.48000
43449,2019/06/10,MCD,201.30000
43449,2019/06/11,MCD,203.25999
43449,2019/06/12,MCD,204.92999
43449,2019/06/13,MCD,204.49001
43449,2019/06/14,MCD,205.28999
43449,2019/06/17,MCD,203.81000
43449,2019/06/18,MCD,204.50999
43449,2019/06/19,MCD,204.55000
43449,2019/06/20,MCD,205.12000
43449,2019/06/21,MCD,204.25999
43449,2019/06/24,MCD,203.92000
43449,2019/06/25,MCD,205.71001
43449,2019/06/26,MCD,204.55000
43449,2019/06/27,MCD,206.27000
43449,2019/06/28,MCD,207.66000
47896,2019/04/01,JPM,104.64000
47896,2019/04/02,JPM,105.14000
47896,2019/04/03,JPM,105.35000
47896,2019/04/04,JPM,105.56000
47896,2019/04/05,JPM,105.31000
47896,2019/04/08,JPM,105.65000
47896,2019/04/09,JPM,104.87000
47896,2019/04/10,JPM,105.34000
47896,2019/04/11,JPM,106.23000
47896,2019/04/12,JPM,111.21000
47896,2019/04/15,JPM,109.94000
47896,2019/04/16,JPM,111.10000
47896,2019/04/17,JPM,114.30000
47896,2019/04/18,JPM,113.46000
47896,2019/04/22,JPM,113.60000
47896,2019/04/23,JPM,113.74000
47896,2019/04/24,JPM,113.55000
47896,2019/04/25,JPM,113.61000
47896,2019/04/26,JPM,114.47000
47896,2019/04/29,JPM,116.12000
47896,2019/04/30,JPM,116.05000
47896,2019/05/01,JPM,115.16000
47896,2019/05/02,JPM,115.41000
47896,2019/05/03,JPM,116.12000
47896,2019/05/06,JPM,115.09000
47896,2019/05/07,JPM,113.21000
47896,2019/05/08,JPM,112.61000
47896,2019/05/09,JPM,112.52000
47896,2019/05/10,JPM,112.51000
47896,2019/05/13,JPM,109.45000
47896,2019/05/14,JPM,110.32000
47896,2019/05/15,JPM,109.90000
47896,2019/05/16,JPM,111.31000
47896,2019/05/17,JPM,110.77000
47896,2019/05/20,JPM,111.35000
47896,2019/05/21,JPM,111.73000
47896,2019/05/22,JPM,110.82000
47896,2019/05/23,JPM,108.64000
47896,2019/05/24,JPM,109.71000
47896,2019/05/28,JPM,108.52000
47896,2019/05/29,JPM,108.22000
47896,2019/05/30,JPM,107.06000
47896,2019/05/31,JPM,105.96000
47896,2019/06/03,JPM,106.46000
47896,2019/06/04,JPM,109.74000
47896,2019/06/05,JPM,110.13000
47896,2019/06/06,JPM,110.37000
47896,2019/06/07,JPM,109.16000
47896,2019/06/10,JPM,110.34000
47896,2019/06/11,JPM,110.68000
47896,2019/06/12,JPM,109.27000
47896,2019/06/13,JPM,109.54000
47896,2019/06/14,JPM,109.82000
47896,2019/06/17,JPM,109.22000
47896,2019/06/18,JPM,110.71000
47896,2019/06/19,JPM,109.91000
47896,2019/06/20,JPM,110.19000
47896,2019/06/21,JPM,109.44000
47896,2019/06/24,JPM,108.66000
47896,2019/06/25,JPM,107.76000
47896,2019/06/26,JPM,108.48000
47896,2019/06/27,JPM,108.84000
47896,2019/06/28,JPM,111.80000
55976,2019/04/01,WMT,97.82000
55976,2019/04/02,WMT,96.94000
55976,2019/04/03,WMT,97.19000
55976,2019/04/04,WMT,98.11000
55976,2019/04/05,WMT,98.83000
55976,2019/04/08,WMT,99.23000
55976,2019/04/09,WMT,98.69000
55976,2019/04/10,WMT,99.60000
55976,2019/04/11,WMT,100.80000
55976,2019/04/12,WMT,101.56000
55976,2019/04/15,WMT,102.43000
55976,2019/04/16,WMT,102.93000
55976,2019/04/17,WMT,103.16000
55976,2019/04/18,WMT,103.18000
55976,2019/04/22,WMT,102.37000
55976,2019/04/23,WMT,103.07000
55976,2019/04/24,WMT,103.53000
55976,2019/04/25,WMT,103.52000
55976,2019/04/26,WMT,101.53000
55976,2019/04/29,WMT,101.56000
55976,2019/04/30,WMT,102.84000
55976,2019/05/01,WMT,101.36000
55976,2019/05/02,WMT,101.15000
55976,2019/05/03,WMT,102.08000
55976,2019/05/06,WMT,102.46000
55976,2019/05/07,WMT,101.30000
55976,2019/05/08,WMT,100.30000
55976,2019/05/09,WMT,99.54000
55976,2019/05/10,WMT,101.91000
55976,2019/05/13,WMT,99.89000
55976,2019/05/14,WMT,100.29000
55976,2019/05/15,WMT,99.88000
55976,2019/05/16,WMT,101.31000
55976,2019/05/17,WMT,100.86000
55976,2019/05/20,WMT,101.52000
55976,2019/05/21,WMT,101.12000
55976,2019/05/22,WMT,102.23000
55976,2019/05/23,WMT,101.86000
55976,2019/05/24,WMT,102.67000
55976,2019/05/28,WMT,102.42000
55976,2019/05/29,WMT,102.12000
55976,2019/05/30,WMT,102.19000
55976,2019/05/31,WMT,101.44000
55976,2019/06/03,WMT,101.96000
55976,2019/06/04,WMT,102.56000
55976,2019/06/05,WMT,104.42000
55976,2019/06/06,WMT,105.11000
55976,2019/06/07,WMT,106.06000
55976,2019/06/10,WMT,107.52000
55976,2019/06/11,WMT,107.94000
55976,2019/06/12,WMT,108.82000
55976,2019/06/13,WMT,108.65000
55976,2019/06/14,WMT,109.07000
55976,2019/06/17,WMT,109.16000
55976,2019/06/18,WMT,109.65000
55976,2019/06/19,WMT,109.62000
55976,2019/06/20,WMT,110.32000
55976,2019/06/21,WMT,111.13000
55976,2019/06/24,WMT,111.24000
55976,2019/06/25,WMT,110.72000
55976,2019/06/26,WMT,110.16000
55976,2019/06/27,WMT,110.10000
55976,2019/06/28,WMT,110.49000
57665,2019/04/01,NKE,85.23000
57665,2019/04/02,NKE,84.37000
57665,2019/04/03,NKE,84.47000
57665,2019/04/04,NKE,85.28000
57665,2019/04/05,NKE,85.40000
57665,2019/04/08,NKE,84.73000
57665,2019/04/09,NKE,84.28000
57665,2019/04/10,NKE,84.88000
57665,2019/04/11,NKE,85.00000
57665,2019/04/12,NKE,86.24000
57665,2019/04/15,NKE,86.83000
57665,2019/04/16,NKE,87.80000
57665,2019/04/17,NKE,88.73000
57665,2019/04/18,NKE,89.20000
57665,2019/04/22,NKE,87.36000
57665,2019/04/23,NKE,87.43000
57665,2019/04/24,NKE,88.39000
57665,2019/04/25,NKE,87.56000
57665,2019/04/26,NKE,88.31000
57665,2019/04/29,NKE,88.26000
57665,2019/04/30,NKE,87.83000
57665,2019/05/01,NKE,85.90000
57665,2019/05/02,NKE,85.27000
57665,2019/05/03,NKE,85.70000
57665,2019/05/06,NKE,83.57000
57665,2019/05/07,NKE,82.54000
57665,2019/05/08,NKE,82.77000
57665,2019/05/09,NKE,82.98000
57665,2019/05/10,NKE,83.95000
57665,2019/05/13,NKE,82.53000
57665,2019/05/14,NKE,83.67000
57665,2019/05/15,NKE,84.01000
57665,2019/05/16,NKE,84.28000
57665,2019/05/17,NKE,84.57000
57665,2019/05/20,NKE,82.85000
57665,2019/05/21,NKE,83.64000
57665,2019/05/22,NKE,83.20000
57665,2019/05/23,NKE,82.64000
57665,2019/05/24,NKE,82.16000
57665,2019/05/28,NKE,81.20000
57665,2019/05/29,NKE,78.87000
57665,2019/05/30,NKE,79.26000
57665,2019/05/31,NKE,77.14000
57665,2019/06/03,NKE,77.96000
57665,2019/06/04,NKE,81.62000
57665,2019/06/05,NKE,82.72000
57665,2019/06/06,NKE,82.45000
57665,2019/06/07,NKE,83.41000
57665,2019/06/10,NKE,82.58000
57665,2019/06/11,NKE,83.26000
57665,2019/06/12,NKE,82.63000
57665,2019/06/13,NKE,83.61000
57665,2019/06/14,NKE,83.44000
57665,2019/06/17,NKE,82.11000
57665,2019/06/18,NKE,84.30000
57665,2019/06/19,NKE,83.55000
57665,2019/06/20,NKE,85.24000
57665,2019/06/21,NKE,85.75000
57665,2019/06/24,NKE,84.50000
57665,2019/06/25,NKE,82.62000
57665,2019/06/26,NKE,82.55000
57665,2019/06/27,NKE,83.66000
57665,2019/06/28,NKE,83.95000
59176,2019/04/01,AXP,111.70000
59176,2019/04/02,AXP,111.00000
59176,2019/04/03,AXP,110.56000
59176,2019/04/04,AXP,110.12000
59176,2019/04/05,AXP,110.96000
59176,2019/04/08,AXP,110.70000
59176,2019/04/09,AXP,109.85000
59176,2019/04/10,AXP,110.16000
59176,2019/04/11,AXP,109.85000
59176,2019/04/12,AXP,110.91000
59176,2019/04/15,AXP,110.53000
59176,2019/04/16,AXP,111.88000
59176,2019/04/17,AXP,111.76000
59176,2019/04/18,AXP,113.67000
59176,2019/04/22,AXP,112.33000
59176,2019/04/23,AXP,113.97000
59176,2019/04/24,AXP,114.02000
59176,2019/04/25,AXP,115.88000
59176,2019/04/26,AXP,117.60000
59176,2019/04/29,AXP,116.76000
59176,2019/04/30,AXP,117.23000
59176,2019/05/01,AXP,117.02000
59176,2019/05/02,AXP,117.25000
59176,2019/05/03,AXP,119.35000
59176,2019/05/06,AXP,119.34000
59176,2019/05/07,AXP,118.22000
59176,2019/05/08,AXP,117.49000
59176,2019/05/09,AXP,117.26000
59176,2019/05/10,AXP,118.46000
59176,2019/05/13,AXP,115.90000
59176,2019/05/14,AXP,117.01000
59176,2019/05/15,AXP,117.66000
59176,2019/05/16,AXP,119.84000
59176,2019/05/17,AXP,119.07000
59176,2019/05/20,AXP,119.84000
59176,2019/05/21,AXP,120.55000
59176,2019/05/22,AXP,120.01000
59176,2019/05/23,AXP,118.43000
59176,2019/05/24,AXP,119.51000
59176,2019/05/28,AXP,118.17000
59176,2019/05/29,AXP,117.01000
59176,2019/05/30,AXP,116.74000
59176,2019/05/31,AXP,114.71000
59176,2019/06/03,AXP,114.62000
59176,2019/06/04,AXP,116.85000
59176,2019/06/05,AXP,118.12000
59176,2019/06/06,AXP,119.43000
59176,2019/06/07,AXP,121.11000
59176,2019/06/10,AXP,122.66000
59176,2019/06/11,AXP,123.23000
59176,2019/06/12,AXP,122.03000
59176,2019/06/13,AXP,121.86000
59176,2019/06/14,AXP,122.00000
59176,2019/06/17,AXP,121.45000
59176,2019/06/18,AXP,123.43000
59176,2019/06/19,AXP,124.68000
59176,2019/06/20,AXP,124.92000
59176,2019/06/21,AXP,124.73000
59176,2019/06/24,AXP,124.14000
59176,2019/06/25,AXP,123.16000
59176,2019/06/26,AXP,123.59000
59176,2019/06/27,AXP,123.94000
59176,2019/06/28,AXP,123.44000
59328,2019/04/01,INTC,54.51000
59328,2019/04/02,INTC,54.36000
59328,2019/04/03,INTC,55.48000
59328,2019/04/04,INTC,55.92000
59328,2019/04/05,INTC,55.60000
59328,2019/04/08,INTC,55.68000
59328,2019/04/09,INTC,55.32000
59328,2019/04/10,INTC,55.75000
59328,2019/04/11,INTC,55.80000
59328,2019/04/12,INTC,56.42000
59328,2019/04/15,INTC,56.28000
59328,2019/04/16,INTC,56.71000
59328,2019/04/17,INTC,58.56000
59328,2019/04/18,INTC,58.49000
59328,2019/04/22,INTC,58.82000
59328,2019/04/23,INTC,58.78000
59328,2019/04/24,INTC,58.72000
59328,2019/04/25,INTC,57.61000
59328,2019/04/26,INTC,52.43000
59328,2019/04/29,INTC,51.11000
59328,2019/04/30,INTC,51.04000
59328,2019/05/01,INTC,50.76000
59328,2019/05/02,INTC,50.55000
59328,2019/05/03,INTC,51.75000
59328,2019/05/06,INTC,51.22000
59328,2019/05/07,INTC,50.48000
59328,2019/05/08,INTC,49.24000
59328,2019/05/09,INTC,46.62000
59328,2019/05/10,INTC,46.20000
59328,2019/05/13,INTC,44.76000
59328,2019/05/14,INTC,45.17000
59328,2019/05/15,INTC,45.62000
59328,2019/05/16,INTC,45.53000
59328,2019/05/17,INTC,44.89000
59328,2019/05/20,INTC,43.56000
59328,2019/05/21,INTC,44.46000
59328,2019/05/22,INTC,44.00000
59328,2019/05/23,INTC,44.53000
59328,2019/05/24,INTC,44.57000
59328,2019/05/28,INTC,43.57000
59328,2019/05/29,INTC,44.23000
59328,2019/05/30,INTC,44.73000
59328,2019/05/31,INTC,44.04000
59328,2019/06/03,INTC,43.46000
59328,2019/06/04,INTC,44.79000
59328,2019/06/05,INTC,44.55000
59328,2019/06/06,INTC,45.10000
59328,2019/06/07,INTC,46.03000
59328,2019/06/10,INTC,46.80000
59328,2019/06/11,INTC,46.85000
59328,2019/06/12,INTC,46.32000
59328,2019/06/13,INTC,46.70000
59328,2019/06/14,INTC,46.19000
59328,2019/06/17,INTC,46.13000
59328,2019/06/18,INTC,47.37000
59328,2019/06/19,INTC,47.07000
59328,2019/06/20,INTC,47.19000
59328,2019/06/21,INTC,47.46000
59328,2019/06/24,INTC,47.63000
59328,2019/06/25,INTC,46.85000
59328,2019/06/26,INTC,48.19000
59328,2019/06/27,INTC,47.46000
59328,2019/06/28,INTC,47.87000
59459,2019/04/01,TRV,138.02000
59459,2019/04/02,TRV,136.81000
59459,2019/04/03,TRV,136.60001
59459,2019/04/04,TRV,136.52000
59459,2019/04/05,TRV,136.39999
59459,2019/04/08,TRV,135.88000
59459,2019/04/09,TRV,135.19000
59459,2019/04/10,TRV,135.46001
59459,2019/04/11,TRV,136.28000
59459,2019/04/12,TRV,137.72000
59459,2019/04/15,TRV,136.78999
59459,2019/04/16,TRV,138.34000
59459,2019/04/17,TRV,135.87000
59459,2019/04/18,TRV,138.92999
59459,2019/04/22,TRV,136.61000
59459,2019/04/23,TRV,138.00999
59459,2019/04/24,TRV,139.17999
59459,2019/04/25,TRV,139.19000
59459,2019/04/26,TRV,140.24001
59459,2019/04/29,TRV,141.46001
59459,2019/04/30,TRV,143.75000
59459,2019/05/01,TRV,143.08000
59459,2019/05/02,TRV,142.70000
59459,2019/05/03,TRV,143.35001
59459,2019/05/06,TRV,143.42999
59459,2019/05/07,TRV,141.71001
59459,2019/05/08,TRV,141.53000
59459,2019/05/09,TRV,141.83000
59459,2019/05/10,TRV,143.96001
59459,2019/05/13,TRV,143.41000
59459,2019/05/14,TRV,145.71001
59459,2019/05/15,TRV,146.52000
59459,2019/05/16,TRV,147.41000
59459,2019/05/17,TRV,147.49001
59459,2019/05/20,TRV,148.17000
59459,2019/05/21,TRV,147.47000
59459,2019/05/22,TRV,147.96001
59459,2019/05/23,TRV,146.94000
59459,2019/05/24,TRV,147.94000
59459,2019/05/28,TRV,146.28000
59459,2019/05/29,TRV,145.07001
59459,2019/05/30,TRV,145.73000
59459,2019/05/31,TRV,145.57001
59459,2019/06/03,TRV,146.78999
59459,2019/06/04,TRV,147.55000
59459,2019/06/05,TRV,149.85001
59459,2019/06/06,TRV,149.00000
59459,2019/06/07,TRV,149.53000
59459,2019/06/10,TRV,149.32001
59459,2019/06/11,TRV,149.19000
59459,2019/06/12,TRV,149.73000
59459,2019/06/13,TRV,149.41000
59459,2019/06/14,TRV,150.11000
59459,2019/06/17,TRV,149.92000
59459,2019/06/18,TRV,150.33000
59459,2019/06/19,TRV,151.60001
59459,2019/06/20,TRV,152.19000
59459,2019/06/21,TRV,151.48000
59459,2019/06/24,TRV,152.02000
59459,2019/06/25,TRV,153.13000
59459,2019/06/26,TRV,148.70000
59459,2019/06/27,TRV,149.20000
59459,2019/06/28,TRV,149.52000
65875,2019/04/01,VZ,59.09000
65875,2019/04/02,VZ,58.53000
65875,2019/04/03,VZ,58.87000
65875,2019/04/04,VZ,58.99000
65875,2019/04/05,VZ,59.09000
65875,2019/04/08,VZ,59.13000
65875,2019/04/09,VZ,58.40000
65875,2019/04/10,VZ,58.61000
65875,2019/04/11,VZ,58.56000
65875,2019/04/12,VZ,58.74000
65875,2019/04/15,VZ,58.71000
65875,2019/04/16,VZ,58.79000
65875,2019/04/17,VZ,57.78000
65875,2019/04/18,VZ,58.04000
65875,2019/04/22,VZ,58.37000
65875,2019/04/23,VZ,57.15000
65875,2019/04/24,VZ,57.08000
65875,2019/04/25,VZ,55.85000
65875,2019/04/26,VZ,56.58000
65875,2019/04/29,VZ,56.84000
65875,2019/04/30,VZ,57.19000
65875,2019/05/01,VZ,56.52000
65875,2019/05/02,VZ,56.99000
65875,2019/05/03,VZ,57.24000
65875,2019/05/06,VZ,56.91000
65875,2019/05/07,VZ,56.63000
65875,2019/05/08,VZ,56.38000
65875,2019/05/09,VZ,56.48000
65875,2019/05/10,VZ,56.91000
65875,2019/05/13,VZ,56.75000
65875,2019/05/14,VZ,56.55000
65875,2019/05/15,VZ,56.81000
65875,2019/05/16,VZ,57.38000
65875,2019/05/17,VZ,58.09000
65875,2019/05/20,VZ,59.01000
65875,2019/05/21,VZ,59.50000
65875,2019/05/22,VZ,59.25000
65875,2019/05/23,VZ,58.87000
65875,2019/05/24,VZ,59.32000
65875,2019/05/28,VZ,58.73000
65875,2019/05/29,VZ,58.18000
65875,2019/05/30,VZ,56.83000
65875,2019/05/31,VZ,54.35000
65875,2019/06/03,VZ,56.38000
65875,2019/06/04,VZ,56.22000
65875,2019/06/05,VZ,57.03000
65875,2019/06/06,VZ,57.54000
65875,2019/06/07,VZ,57.24000
65875,2019/06/10,VZ,56.15000
65875,2019/06/11,VZ,56.83000
65875,2019/06/12,VZ,57.36000
65875,2019/06/13,VZ,57.62000
65875,2019/06/14,VZ,58.28000
65875,2019/06/17,VZ,57.63000
65875,2019/06/18,VZ,57.33000
65875,2019/06/19,VZ,57.63000
65875,2019/06/20,VZ,57.34000
65875,2019/06/21,VZ,57.77000
65875,2019/06/24,VZ,58.27000
65875,2019/06/25,VZ,58.00000
65875,2019/06/26,VZ,56.99000
65875,2019/06/27,VZ,57.25000
65875,2019/06/28,VZ,57.13000
66181,2019/04/01,HD,195.64000
66181,2019/04/02,HD,194.31000
66181,2019/04/03,HD,198.61000
66181,2019/04/04,HD,200.45000
66181,2019/04/05,HD,202.06000
66181,2019/04/08,HD,203.55000
66181,2019/04/09,HD,200.89999
66181,2019/04/10,HD,199.42999
66181,2019/04/11,HD,201.48000
66181,2019/04/12,HD,203.85001
66181,2019/04/15,HD,204.86000
66181,2019/04/16,HD,204.47000
66181,2019/04/17,HD,206.55000
66181,2019/04/18,HD,205.66000
66181,2019/04/22,HD,204.78000
66181,2019/04/23,HD,206.05000
66181,2019/04/24,HD,206.72000
66181,2019/04/25,HD,206.50000
66181,2019/04/26,HD,203.61000
66181,2019/04/29,HD,202.16000
66181,2019/04/30,HD,203.70000
66181,2019/05/01,HD,198.80000
66181,2019/05/02,HD,201.00999
66181,2019/05/03,HD,200.56000
66181,2019/05/06,HD,199.63000
66181,2019/05/07,HD,194.77000
66181,2019/05/08,HD,195.17000
66181,2019/05/09,HD,194.58000
66181,2019/05/10,HD,194.58000
66181,2019/05/13,HD,190.34000
66181,2019/05/14,HD,191.62000
66181,2019/05/15,HD,191.75999
66181,2019/05/16,HD,192.38000
66181,2019/05/17,HD,192.58000
66181,2019/05/20,HD,190.95000
66181,2019/05/21,HD,191.45000
66181,2019/05/22,HD,188.91000
66181,2019/05/23,HD,192.00000
66181,2019/05/24,HD,193.59000
66181,2019/05/28,HD,191.55000
66181,2019/05/29,HD,189.99001
66181,2019/05/30,HD,191.08000
66181,2019/05/31,HD,189.85001
66181,2019/06/03,HD,189.57001
66181,2019/06/04,HD,195.25000
66181,2019/06/05,HD,196.69000
66181,2019/06/06,HD,197.17000
66181,2019/06/07,HD,197.30000
66181,2019/06/10,HD,198.05000
66181,2019/06/11,HD,198.00999
66181,2019/06/12,HD,198.94000
66181,2019/06/13,HD,202.35001
66181,2019/06/14,HD,205.77000
66181,2019/06/17,HD,206.98000
66181,2019/06/18,HD,207.48000
66181,2019/06/19,HD,207.94000
66181,2019/06/20,HD,211.25000
66181,2019/06/21,HD,209.39000
66181,2019/06/24,HD,205.50000
66181,2019/06/25,HD,204.74001
66181,2019/06/26,HD,206.42000
66181,2019/06/27,HD,207.02000
66181,2019/06/28,HD,207.97000
70519,2019/04/01,C,64.36000
70519,2019/04/02,C,64.42000
70519,2019/04/03,C,65.06000
70519,2019/04/04,C,65.82000
70519,2019/04/05,C,65.55000
70519,2019/04/08,C,66.07000
70519,2019/04/09,C,65.20000
70519,2019/04/10,C,65.52000
70519,2019/04/11,C,65.91000
70519,2019/04/12,C,67.42000
70519,2019/04/15,C,67.38000
70519,2019/04/16,C,69.31000
70519,2019/04/17,C,70.35000
70519,2019/04/18,C,69.67000
70519,2019/04/22,C,69.09000
70519,2019/04/23,C,69.20000
70519,2019/04/24,C,68.83000
70519,2019/04/25,C,68.73000
70519,2019/04/26,C,69.51000
70519,2019/04/29,C,71.03000
70519,2019/04/30,C,70.70000
70519,2019/05/01,C,69.96000
70519,2019/05/02,C,70.36000
70519,2019/05/03,C,70.67000
70519,2019/05/06,C,70.41000
70519,2019/05/07,C,68.16000
70519,2019/05/08,C,68.22000
70519,2019/05/09,C,67.63000
70519,2019/05/10,C,67.90000
70519,2019/05/13,C,64.38000
70519,2019/05/14,C,65.26000
70519,2019/05/15,C,64.87000
70519,2019/05/16,C,65.98000
70519,2019/05/17,C,65.07000
70519,2019/05/20,C,64.96000
70519,2019/05/21,C,66.08000
70519,2019/05/22,C,64.66000
70519,2019/05/23,C,63.90000
70519,2019/05/24,C,64.39000
70519,2019/05/28,C,63.79000
70519,2019/05/29,C,63.71000
70519,2019/05/30,C,63.61000
70519,2019/05/31,C,62.15000
70519,2019/06/03,C,62.61000
70519,2019/06/04,C,65.88000
70519,2019/06/05,C,65.78000
70519,2019/06/06,C,66.47000
70519,2019/06/07,C,65.69000
70519,2019/06/10,C,67.12000
70519,2019/06/11,C,67.88000
70519,2019/06/12,C,66.81000
70519,2019/06/13,C,67.08000
70519,2019/06/14,C,67.48000
70519,2019/06/17,C,66.54000
70519,2019/06/18,C,67.98000
70519,2019/06/19,C,67.59000
70519,2019/06/20,C,68.10000
70519,2019/06/21,C,67.97000
70519,2019/06/24,C,67.41000
70519,2019/06/25,C,66.54000
70519,2019/06/26,C,67.22000
70519,2019/06/27,C,68.15000
70519,2019/06/28,C,70.03000
76076,2019/04/01,CSCO,54.98000
76076,2019/04/02,CSCO,55.29000
76076,2019/04/03,CSCO,55.63000
76076,2019/04/04,CSCO,55.14000
76076,2019/04/05,CSCO,55.21000
76076,2019/04/08,CSCO,55.49000
76076,2019/04/09,CSCO,55.18000
76076,2019/04/10,CSCO,55.82000
76076,2019/04/11,CSCO,55.60000
76076,2019/04/12,CSCO,56.29000
76076,2019/04/15,CSCO,56.56000
76076,2019/04/16,CSCO,56.95000
76076,2019/04/17,CSCO,56.31000
76076,2019/04/18,CSCO,56.40000
76076,2019/04/22,CSCO,56.34000
76076,2019/04/23,CSCO,56.69000
76076,2019/04/24,CSCO,56.88000
76076,2019/04/25,CSCO,56.33000
76076,2019/04/26,CSCO,55.88000
76076,2019/04/29,CSCO,56.13000
76076,2019/04/30,CSCO,55.95000
76076,2019/05/01,CSCO,55.58000
76076,2019/05/02,CSCO,54.94000
76076,2019/05/03,CSCO,54.94000
76076,2019/05/06,CSCO,54.59000
76076,2019/05/07,CSCO,53.45000
76076,2019/05/08,CSCO,53.47000
76076,2019/05/09,CSCO,52.92000
76076,2019/05/10,CSCO,53.36000
76076,2019/05/13,CSCO,51.30000
76076,2019/05/14,CSCO,52.02000
76076,2019/05/15,CSCO,52.44000
76076,2019/05/16,CSCO,55.93000
76076,2019/05/17,CSCO,56.35000
76076,2019/05/20,CSCO,56.01000
76076,2019/05/21,CSCO,56.52000
76076,2019/05/22,CSCO,55.69000
76076,2019/05/23,CSCO,54.19000
76076,2019/05/24,CSCO,54.37000
76076,2019/05/28,CSCO,53.93000
76076,2019/05/29,CSCO,53.18000
76076,2019/05/30,CSCO,53.57000
76076,2019/05/31,CSCO,52.03000
76076,2019/06/03,CSCO,51.78000
76076,2019/06/04,CSCO,53.23000
76076,2019/06/05,CSCO,54.75000
76076,2019/06/06,CSCO,55.10000
76076,2019/06/07,CSCO,55.93000
76076,2019/06/10,CSCO,56.42000
76076,2019/06/11,CSCO,57.11000
76076,2019/06/12,CSCO,55.86000
76076,2019/06/13,CSCO,56.17000
76076,2019/06/14,CSCO,54.75000
76076,2019/06/17,CSCO,55.40000
76076,2019/06/18,CSCO,56.05000
76076,2019/06/19,CSCO,56.13000
76076,2019/06/20,CSCO,57.41000
76076,2019/06/21,CSCO,57.03000
76076,2019/06/24,CSCO,57.18000
76076,2019/06/25,CSCO,56.08000
76076,2019/06/26,CSCO,56.60000
76076,2019/06/27,CSCO,55.73000
76076,2019/06/28,CSCO,54.73000
86868,2019/04/01,GS,196.74001
86868,2019/04/02,GS,197.50000
86868,2019/04/03,GS,200.86000
86868,2019/04/04,GS,202.23000
86868,2019/04/05,GS,202.38000
86868,2019/04/08,GS,202.53999
86868,2019/04/09,GS,200.62000
86868,2019/04/10,GS,202.98000
86868,2019/04/11,GS,202.83000
86868,2019/04/12,GS,207.84000
86868,2019/04/15,GS,199.91000
86868,2019/04/16,GS,201.84000
86868,2019/04/17,GS,207.89999
86868,2019/04/18,GS,205.91000
86868,2019/04/22,GS,204.60001
86868,2019/04/23,GS,204.14000
86868,2019/04/24,GS,200.53999
86868,2019/04/25,GS,201.39999
86868,2019/04/26,GS,203.08000
86868,2019/04/29,GS,206.92000
86868,2019/04/30,GS,205.92000
86868,2019/05/01,GS,204.73000
86868,2019/05/02,GS,204.99001
86868,2019/05/03,GS,207.52000
86868,2019/05/06,GS,206.42999
86868,2019/05/07,GS,202.63000
86868,2019/05/08,GS,200.95000
86868,2019/05/09,GS,201.63000
86868,2019/05/10,GS,202.05000
86868,2019/05/13,GS,194.97000
86868,2019/05/14,GS,196.28000
86868,2019/05/15,GS,196.39999
86868,2019/05/16,GS,199.14000
86868,2019/05/17,GS,197.42999
86868,2019/05/20,GS,197.24001
86868,2019/05/21,GS,199.11000
86868,2019/05/22,GS,195.52000
86868,2019/05/23,GS,191.97000
86868,2019/05/24,GS,193.00000
86868,2019/05/28,GS,189.44000
86868,2019/05/29,GS,188.05000
86868,2019/05/30,GS,187.37000
86868,2019/05/31,GS,182.49001
86868,2019/06/03,GS,183.19000
86868,2019/06/04,GS,189.88000
86868,2019/06/05,GS,188.44000
86868,2019/06/06,GS,189.81000
86868,2019/06/07,GS,189.81000
86868,2019/06/10,GS,194.12000
86868,2019/06/11,GS,194.73000
86868,2019/06/12,GS,190.22000
86868,2019/06/13,GS,191.45000
86868,2019/06/14,GS,191.66000
86868,2019/06/17,GS,190.83000
86868,2019/06/18,GS,194.98000
86868,2019/06/19,GS,195.64000
86868,2019/06/20,GS,195.70000
86868,2019/06/21,GS,195.94000
86868,2019/06/24,GS,197.49001
86868,2019/06/25,GS,196.06000
86868,2019/06/26,GS,197.00999
86868,2019/06/27,GS,199.32001
86868,2019/06/28,GS,204.60001
92611,2019/04/01,V,157.25999
92611,2019/04/02,V,157.78000
92611,2019/04/03,V,158.46001
92611,2019/04/04,V,157.64000
92611,2019/04/05,V,157.64999
92611,2019/04/08,V,157.75000
92611,2019/04/09,V,157.49001
92611,2019/04/10,V,158.56000
92611,2019/04/11,V,157.86000
92611,2019/04/12,V,159.64000
92611,2019/04/15,V,160.44000
92611,2019/04/16,V,160.23000
92611,2019/04/17,V,160.44000
92611,2019/04/18,V,160.16000
92611,2019/04/22,V,160.39999
92611,2019/04/23,V,161.66000
92611,2019/04/24,V,161.49001
92611,2019/04/25,V,161.02000
92611,2019/04/26,V,162.92999
92611,2019/04/29,V,164.14999
92611,2019/04/30,V,164.42999
92611,2019/05/01,V,162.78999
92611,2019/05/02,V,161.12000
92611,2019/05/03,V,162.03999
92611,2019/05/06,V,162.28000
92611,2019/05/07,V,160.21001
92611,2019/05/08,V,160.75999
92611,2019/05/09,V,159.81000
92611,2019/05/10,V,160.71001
92611,2019/05/13,V,157.33000
92611,2019/05/14,V,160.21001
92611,2019/05/15,V,162.78999
92611,2019/05/16,V,164.87000
92611,2019/05/17,V,164.09000
92611,2019/05/20,V,163.47000
92611,2019/05/21,V,163.86000
92611,2019/05/22,V,164.24001
92611,2019/05/23,V,161.50999
92611,2019/05/24,V,162.64000
92611,2019/05/28,V,163.71001
92611,2019/05/29,V,162.73000
92611,2019/05/30,V,162.75999
92611,2019/05/31,V,161.33000
92611,2019/06/03,V,158.60001
92611,2019/06/04,V,162.33000
92611,2019/06/05,V,165.39000
92611,2019/06/06,V,166.92000
92611,2019/06/07,V,170.05000
92611,2019/06/10,V,170.82001
92611,2019/06/11,V,170.31000
92611,2019/06/12,V,171.59000
92611,2019/06/13,V,169.35001
92611,2019/06/14,V,169.66000
92611,2019/06/17,V,169.56000
92611,2019/06/18,V,169.28000
92611,2019/06/19,V,170.69000
92611,2019/06/20,V,173.74001
92611,2019/06/21,V,173.44000
92611,2019/06/24,V,173.85001
92611,2019/06/25,V,171.28000
92611,2019/06/26,V,171.06000
92611,2019/06/27,V,171.23000
92611,2019/06/28,V,173.55000
92655,2019/04/01,UNH,245.53999
92655,2019/04/02,UNH,244.41000
92655,2019/04/03,UNH,245.84000
92655,2019/04/04,UNH,247.39000
92655,2019/04/05,UNH,248.78000
92655,2019/04/08,UNH,248.75000
92655,2019/04/09,UNH,248.78999
92655,2019/04/10,UNH,246.03000
92655,2019/04/11,UNH,235.42000
92655,2019/04/12,UNH,223.22000
92655,2019/04/15,UNH,230.20000
92655,2019/04/16,UNH,220.96001
92655,2019/04/17,UNH,216.84000
92655,2019/04/18,UNH,221.75000
92655,2019/04/22,UNH,227.11000
92655,2019/04/23,UNH,230.58000
92655,2019/04/24,UNH,230.35001
92655,2019/04/25,UNH,230.78999
92655,2019/04/26,UNH,237.00000
92655,2019/04/29,UNH,237.45000
92655,2019/04/30,UNH,233.07001
92655,2019/05/01,UNH,231.95000
92655,2019/05/02,UNH,232.45000
92655,2019/05/03,UNH,231.95000
92655,2019/05/06,UNH,240.50000
92655,2019/05/07,UNH,238.05000
92655,2019/05/08,UNH,239.14999
92655,2019/05/09,UNH,237.97000
92655,2019/05/10,UNH,240.59000
92655,2019/05/13,UNH,239.55000
92655,2019/05/14,UNH,236.42999
92655,2019/05/15,UNH,236.08000
92655,2019/05/16,UNH,236.78999
92655,2019/05/17,UNH,241.38000
92655,2019/05/20,UNH,245.99001
92655,2019/05/21,UNH,249.94000
92655,2019/05/22,UNH,249.34000
92655,2019/05/23,UNH,246.50000
92655,2019/05/24,UNH,247.63000
92655,2019/05/28,UNH,242.06000
92655,2019/05/29,UNH,242.39999
92655,2019/05/30,UNH,243.50000
92655,2019/05/31,UNH,241.80000
92655,2019/06/03,UNH,236.56000
92655,2019/06/04,UNH,240.75999
92655,2019/06/05,UNH,242.77000
92655,2019/06/06,UNH,241.82001
92655,2019/06/07,UNH,246.77000
92655,2019/06/10,UNH,248.14000
92655,2019/06/11,UNH,245.87000
92655,2019/06/12,UNH,244.50000
92655,2019/06/13,UNH,244.96001
92655,2019/06/14,UNH,245.37000
92655,2019/06/17,UNH,245.97000
92655,2019/06/18,UNH,245.70000
92655,2019/06/19,UNH,250.19000
92655,2019/06/20,UNH,247.75999
92655,2019/06/21,UNH,252.28000
92655,2019/06/24,UNH,249.64000
92655,2019/06/25,UNH,247.66000
92655,2019/06/26,UNH,243.47000
92655,2019/06/27,UNH,246.34000
92655,2019/06/28,UNH,244.00999
