gvkey,iid,datadate,tic,div
001447,01,2019/04/01,AXP,
001447,01,2019/04/02,AXP,
001447,01,2019/04/03,AXP,
001447,01,2019/04/04,AXP,0.3900
001447,01,2019/04/05,AXP,
001447,01,2019/04/08,AXP,
001447,01,2019/04/09,AXP,
001447,01,2019/04/10,AXP,
001447,01,2019/04/11,AXP,
001447,01,2019/04/12,AXP,
001447,01,2019/04/15,AXP,
001447,01,2019/04/16,AXP,
001447,01,2019/04/17,AXP,
001447,01,2019/04/18,AXP,
001447,01,2019/04/22,AXP,
001447,01,2019/04/23,AXP,
001447,01,2019/04/24,AXP,
001447,01,2019/04/25,AXP,
001447,01,2019/04/26,AXP,
001447,01,2019/04/29,AXP,
001447,01,2019/04/30,AXP,
001447,01,2019/05/01,AXP,
001447,01,2019/05/02,AXP,
001447,01,2019/05/03,AXP,
001447,01,2019/05/06,AXP,
001447,01,2019/05/07,AXP,
001447,01,2019/05/08,AXP,
001447,01,2019/05/09,AXP,
001447,01,2019/05/10,AXP,
001447,01,2019/05/13,AXP,
001447,01,2019/05/14,AXP,
001447,01,2019/05/15,AXP,
001447,01,2019/05/16,AXP,
001447,01,2019/05/17,AXP,
001447,01,2019/05/20,AXP,
001447,01,2019/05/21,AXP,
001447,01,2019/05/22,AXP,
001447,01,2019/05/23,AXP,
001447,01,2019/05/24,AXP,
001447,01,2019/05/28,AXP,
001447,01,2019/05/29,AXP,
001447,01,2019/05/30,AXP,
001447,01,2019/05/31,AXP,
001447,01,2019/06/03,AXP,
001447,01,2019/06/04,AXP,
001447,01,2019/06/05,AXP,
001447,01,2019/06/06,AXP,
001447,01,2019/06/07,AXP,
001447,01,2019/06/10,AXP,
001447,01,2019/06/11,AXP,
001447,01,2019/06/12,AXP,
001447,01,2019/06/13,AXP,
001447,01,2019/06/14,AXP,
001447,01,2019/06/17,AXP,
001447,01,2019/06/18,AXP,
001447,01,2019/06/19,AXP,
001447,01,2019/06/20,AXP,
001447,01,2019/06/21,AXP,
001447,01,2019/06/24,AXP,
001447,01,2019/06/25,AXP,
001447,01,2019/06/26,AXP,
001447,01,2019/06/27,AXP,
001447,01,2019/06/28,AXP,
001690,01,2019/04/01,AAPL,
001690,01,2019/04/02,AAPL,
001690,01,2019/04/03,AAPL,
001690,01,2019/04/04,AAPL,
001690,01,2019/04/05,AAPL,
001690,01,2019/04/08,AAPL,
001690,01,2019/04/09,AAPL,
001690,01,2019/04/10,AAPL,
001690,01,2019/04/11,AAPL,
001690,01,2019/04/12,AAPL,
001690,01,2019/04/15,AAPL,
001690,01,2019/04/16,AAPL,
001690,01,2019/04/17,AAPL,
001690,01,2019/04/18,AAPL,
001690,01,2019/04/22,AAPL,
001690,01,2019/04/23,AAPL,
001690,01,2019/04/24,AAPL,
001690,01,2019/04/25,AAPL,
001690,01,2019/04/26,AAPL,
001690,01,2019/04/29,AAPL,
001690,01,2019/04/30,AAPL,
001690,01,2019/05/01,AAPL,
001690,01,2019/05/02,AAPL,
001690,01,2019/05/03,AAPL,
001690,01,2019/05/06,AAPL,
001690,01,2019/05/07,AAPL,
001690,01,2019/05/08,AAPL,
001690,01,2019/05/09,AAPL,
001690,01,2019/05/10,AAPL,0.7700
001690,01,2019/05/13,AAPL,
001690,01,2019/05/14,AAPL,
001690,01,2019/05/15,AAPL,
001690,01,2019/05/16,AAPL,
001690,01,2019/05/17,AAPL,
001690,01,2019/05/20,AAPL,
001690,01,2019/05/21,AAPL,
001690,01,2019/05/22,AAPL,
001690,01,2019/05/23,AAPL,
001690,01,2019/05/24,AAPL,
001690,01,2019/05/28,AAPL,
001690,01,2019/05/29,AAPL,
001690,01,2019/05/30,AAPL,
001690,01,2019/05/31,AAPL,
001690,01,2019/06/03,AAPL,
001690,01,2019/06/04,AAPL,
001690,01,2019/06/05,AAPL,
001690,01,2019/06/06,AAPL,
001690,01,2019/06/07,AAPL,
001690,01,2019/06/10,AAPL,
001690,01,2019/06/11,AAPL,
001690,01,2019/06/12,AAPL,
001690,01,2019/06/13,AAPL,
001690,01,2019/06/14,AAPL,
001690,01,2019/06/17,AAPL,
001690,01,2019/06/18,AAPL,
001690,01,2019/06/19,AAPL,
001690,01,2019/06/20,AAPL,
001690,01,2019/06/21,AAPL,
001690,01,2019/06/24,AAPL,
001690,01,2019/06/25,AAPL,
001690,01,2019/06/26,AAPL,
001690,01,2019/06/27,AAPL,
001690,01,2019/06/28,AAPL,
002136,01,2019/04/01,VZ,
002136,01,2019/04/02,VZ,
002136,01,2019/04/03,VZ,
002136,01,2019/04/04,VZ,
002136,01,2019/04/05,VZ,
002136,01,2019/04/08,VZ,
002136,01,2019/04/09,VZ,0.6025
002136,01,2019/04/10,VZ,
002136,01,2019/04/11,VZ,
002136,01,2019/04/12,VZ,
002136,01,2019/04/15,VZ,
002136,01,2019/04/16,VZ,
002136,01,2019/04/17,VZ,
002136,01,2019/04/18,VZ,
002136,01,2019/04/22,VZ,
002136,01,2019/04/23,VZ,
002136,01,2019/04/24,VZ,
002136,01,2019/04/25,VZ,
002136,01,2019/04/26,VZ,
002136,01,2019/04/29,VZ,
002136,01,2019/04/30,VZ,
002136,01,2019/05/01,VZ,
002136,01,2019/05/02,VZ,
002136,01,2019/05/03,VZ,
002136,01,2019/05/06,VZ,
002136,01,2019/05/07,VZ,
002136,01,2019/05/08,VZ,
002136,01,2019/05/09,VZ,
002136,01,2019/05/10,VZ,
002136,01,2019/05/13,VZ,
002136,01,2019/05/14,VZ,
002136,01,2019/05/15,VZ,
002136,01,2019/05/16,VZ,
002136,01,2019/05/17,VZ,
002136,01,2019/05/20,VZ,
002136,01,2019/05/21,VZ,
002136,01,2019/05/22,VZ,
002136,01,2019/05/23,VZ,
002136,01,2019/05/24,VZ,
002136,01,2019/05/28,VZ,
002136,01,2019/05/29,VZ,
002136,01,2019/05/30,VZ,
002136,01,2019/05/31,VZ,
002136,01,2019/06/03,VZ,
002136,01,2019/06/04,VZ,
002136,01,2019/06/05,VZ,
002136,01,2019/06/06,VZ,
002136,01,2019/06/07,VZ,
002136,01,2019/06/10,VZ,
002136,01,2019/06/11,VZ,
002136,01,2019/06/12,VZ,
002136,01,2019/06/13,VZ,
002136,01,2019/06/14,VZ,
002136,01,2019/06/17,VZ,
002136,01,2019/06/18,VZ,
002136,01,2019/06/19,VZ,
002136,01,2019/06/20,VZ,
002136,01,2019/06/21,VZ,
002136,01,2019/06/24,VZ,
002136,01,2019/06/25,VZ,
002136,01,2019/06/26,VZ,
002136,01,2019/06/27,VZ,
002136,01,2019/06/28,VZ,
002285,01,2019/04/01,BA,
002285,01,2019/04/02,BA,
002285,01,2019/04/03,BA,
002285,01,2019/04/04,BA,
002285,01,2019/04/05,BA,
002285,01,2019/04/08,BA,
002285,01,2019/04/09,BA,
002285,01,2019/04/10,BA,
002285,01,2019/04/11,BA,
002285,01,2019/04/12,BA,
002285,01,2019/04/15,BA,
002285,01,2019/04/16,BA,
002285,01,2019/04/17,BA,
002285,01,2019/04/18,BA,
002285,01,2019/04/22,BA,
002285,01,2019/04/23,BA,
002285,01,2019/04/24,BA,
002285,01,2019/04/25,BA,
002285,01,2019/04/26,BA,
002285,01,2019/04/29,BA,
002285,01,2019/04/30,BA,
002285,01,2019/05/01,BA,
002285,01,2019/05/02,BA,
002285,01,2019/05/03,BA,
002285,01,2019/05/06,BA,
002285,01,2019/05/07,BA,
002285,01,2019/05/08,BA,
002285,01,2019/05/09,BA,2.0550
002285,01,2019/05/10,BA,
002285,01,2019/05/13,BA,
002285,01,2019/05/14,BA,
002285,01,2019/05/15,BA,
002285,01,2019/05/16,BA,
002285,01,2019/05/17,BA,
002285,01,2019/05/20,BA,
002285,01,2019/05/21,BA,
002285,01,2019/05/22,BA,
002285,01,2019/05/23,BA,
002285,01,2019/05/24,BA,
002285,01,2019/05/28,BA,
002285,01,2019/05/29,BA,
002285,01,2019/05/30,BA,
002285,01,2019/05/31,BA,
002285,01,2019/06/03,BA,
002285,01,2019/06/04,BA,
002285,01,2019/06/05,BA,
002285,01,2019/06/06,BA,
002285,01,2019/06/07,BA,
002285,01,2019/06/10,BA,
002285,01,2019/06/11,BA,
002285,01,2019/06/12,BA,
002285,01,2019/06/13,BA,
002285,01,2019/06/14,BA,
002285,01,2019/06/17,BA,
002285,01,2019/06/18,BA,
002285,01,2019/06/19,BA,
002285,01,2019/06/20,BA,
002285,01,2019/06/21,BA,
002285,01,2019/06/24,BA,
002285,01,2019/06/25,BA,
002285,01,2019/06/26,BA,
002285,01,2019/06/27,BA,
002285,01,2019/06/28,BA,
002817,01,2019/04/01,CAT,
002817,01,2019/04/02,CAT,
002817,01,2019/04/03,CAT,
002817,01,2019/04/04,CAT,
002817,01,2019/04/05,CAT,
002817,01,2019/04/08,CAT,
002817,01,2019/04/09,CAT,
002817,01,2019/04/10,CAT,
002817,01,2019/04/11,CAT,
002817,01,2019/04/12,CAT,
002817,01,2019/04/15,CAT,
002817,01,2019/04/16,CAT,
002817,01,2019/04/17,CAT,
002817,01,2019/04/18,CAT,0.8600
002817,01,2019/04/22,CAT,
002817,01,2019/04/23,CAT,
002817,01,2019/04/24,CAT,
002817,01,2019/04/25,CAT,
002817,01,2019/04/26,CAT,
002817,01,2019/04/29,CAT,
002817,01,2019/04/30,CAT,
002817,01,2019/05/01,CAT,
002817,01,2019/05/02,CAT,
002817,01,2019/05/03,CAT,
002817,01,2019/05/06,CAT,
002817,01,2019/05/07,CAT,
002817,01,2019/05/08,CAT,
002817,01,2019/05/09,CAT,
002817,01,2019/05/10,CAT,
002817,01,2019/05/13,CAT,
002817,01,2019/05/14,CAT,
002817,01,2019/05/15,CAT,
002817,01,2019/05/16,CAT,
002817,01,2019/05/17,CAT,
002817,01,2019/05/20,CAT,
002817,01,2019/05/21,CAT,
002817,01,2019/05/22,CAT,
002817,01,2019/05/23,CAT,
002817,01,2019/05/24,CAT,
002817,01,2019/05/28,CAT,
002817,01,2019/05/29,CAT,
002817,01,2019/05/30,CAT,
002817,01,2019/05/31,CAT,
002817,01,2019/06/03,CAT,
002817,01,2019/06/04,CAT,
002817,01,2019/06/05,CAT,
002817,01,2019/06/06,CAT,
002817,01,2019/06/07,CAT,
002817,01,2019/06/10,CAT,
002817,01,2019/06/11,CAT,
002817,01,2019/06/12,CAT,
002817,01,2019/06/13,CAT,
002817,01,2019/06/14,CAT,
002817,01,2019/06/17,CAT,
002817,01,2019/06/18,CAT,
002817,01,2019/06/19,CAT,
002817,01,2019/06/20,CAT,
002817,01,2019/06/21,CAT,
002817,01,2019/06/24,CAT,
002817,01,2019/06/25,CAT,
002817,01,2019/06/26,CAT,
002817,01,2019/06/27,CAT,
002817,01,2019/06/28,CAT,
002968,01,2019/04/01,JPM,
002968,01,2019/04/02,JPM,
002968,01,2019/04/03,JPM,
002968,01,2019/04/04,JPM,0.8000
002968,01,2019/04/05,JPM,
002968,01,2019/04/08,JPM,
002968,01,2019/04/09,JPM,
002968,01,2019/04/10,JPM,
002968,01,2019/04/11,JPM,
002968,01,2019/04/12,JPM,
002968,01,2019/04/15,JPM,
002968,01,2019/04/16,JPM,
002968,01,2019/04/17,JPM,
002968,01,2019/04/18,JPM,
002968,01,2019/04/22,JPM,
002968,01,2019/04/23,JPM,
002968,01,2019/04/24,JPM,
002968,01,2019/04/25,JPM,
002968,01,2019/04/26,JPM,
002968,01,2019/04/29,JPM,
002968,01,2019/04/30,JPM,
002968,01,2019/05/01,JPM,
002968,01,2019/05/02,JPM,
002968,01,2019/05/03,JPM,
002968,01,2019/05/06,JPM,
002968,01,2019/05/07,JPM,
002968,01,2019/05/08,JPM,
002968,01,2019/05/09,JPM,
002968,01,2019/05/10,JPM,
002968,01,2019/05/13,JPM,
002968,01,2019/05/14,JPM,
002968,01,2019/05/15,JPM,
002968,01,2019/05/16,JPM,
002968,01,2019/05/17,JPM,
002968,01,2019/05/20,JPM,
002968,01,2019/05/21,JPM,
002968,01,2019/05/22,JPM,
002968,01,2019/05/23,JPM,
002968,01,2019/05/24,JPM,
002968,01,2019/05/28,JPM,
002968,01,2019/05/29,JPM,
002968,01,2019/05/30,JPM,
002968,01,2019/05/31,JPM,
002968,01,2019/06/03,JPM,
002968,01,2019/06/04,JPM,
002968,01,2019/06/05,JPM,
002968,01,2019/06/06,JPM,
002968,01,2019/06/07,JPM,
002968,01,2019/06/10,JPM,
002968,01,2019/06/11,JPM,
002968,01,2019/06/12,JPM,
002968,01,2019/06/13,JPM,
002968,01,2019/06/14,JPM,
002968,01,2019/06/17,JPM,
002968,01,2019/06/18,JPM,
002968,01,2019/06/19,JPM,
002968,01,2019/06/20,JPM,
002968,01,2019/06/21,JPM,
002968,01,2019/06/24,JPM,
002968,01,2019/06/25,JPM,
002968,01,2019/06/26,JPM,
002968,01,2019/06/27,JPM,
002968,01,2019/06/28,JPM,
002968,22,2019/04/01,JPM.PF,
002968,22,2019/04/02,JPM.PF,
002968,22,2019/04/03,JPM.PF,
002968,22,2019/04/04,JPM.PF,
002968,22,2019/04/05,JPM.PF,
002968,22,2019/04/08,JPM.PF,
002968,22,2019/04/09,JPM.PF,
002968,22,2019/04/10,JPM.PF,
002968,22,2019/04/11,JPM.PF,
002968,22,2019/04/12,JPM.PF,
002968,22,2019/04/15,JPM.PF,
002968,22,2019/04/16,JPM.PF,
002968,22,2019/04/17,JPM.PF,
002968,22,2019/04/18,JPM.PF,
002968,22,2019/04/22,JPM.PF,
002968,22,2019/04/23,JPM.PF,
002968,22,2019/04/24,JPM.PF,
002968,22,2019/04/25,JPM.PF,
002968,22,2019/04/26,JPM.PF,
002968,22,2019/04/29,JPM.PF,
002968,22,2019/04/30,JPM.PF,
002968,22,2019/05/01,JPM.PF,0.3828
002968,22,2019/05/02,JPM.PF,
002968,22,2019/05/03,JPM.PF,
002968,22,2019/05/06,JPM.PF,
002968,22,2019/05/07,JPM.PF,
002968,22,2019/05/08,JPM.PF,
002968,22,2019/05/09,JPM.PF,
002968,22,2019/05/10,JPM.PF,
002968,22,2019/05/13,JPM.PF,
002968,22,2019/05/14,JPM.PF,
002968,22,2019/05/15,JPM.PF,
002968,22,2019/05/16,JPM.PF,
002968,22,2019/05/17,JPM.PF,
002968,22,2019/05/20,JPM.PF,
002968,22,2019/05/21,JPM.PF,
002968,22,2019/05/22,JPM.PF,
002968,22,2019/05/23,JPM.PF,
002968,22,2019/05/24,JPM.PF,
002968,22,2019/05/28,JPM.PF,
002968,22,2019/05/29,JPM.PF,
002968,22,2019/05/30,JPM.PF,
002968,22,2019/05/31,JPM.PF,
002968,22,2019/06/03,JPM.PF,
002968,22,2019/06/04,JPM.PF,
002968,22,2019/06/05,JPM.PF,
002968,22,2019/06/06,JPM.PF,
002968,22,2019/06/07,JPM.PF,
002968,22,2019/06/10,JPM.PF,
002968,22,2019/06/11,JPM.PF,
002968,22,2019/06/12,JPM.PF,
002968,22,2019/06/13,JPM.PF,
002968,22,2019/06/14,JPM.PF,
002968,22,2019/06/17,JPM.PF,
002968,22,2019/06/18,JPM.PF,
002968,22,2019/06/19,JPM.PF,
002968,22,2019/06/20,JPM.PF,
002968,22,2019/06/21,JPM.PF,
002968,22,2019/06/24,JPM.PF,
002968,22,2019/06/25,JPM.PF,
002968,22,2019/06/26,JPM.PF,
002968,22,2019/06/27,JPM.PF,
002968,22,2019/06/28,JPM.PF,
002968,49,2019/04/01,JPM.PD,
002968,49,2019/04/02,JPM.PD,
002968,49,2019/04/03,JPM.PD,
002968,49,2019/04/04,JPM.PD,
002968,49,2019/04/05,JPM.PD,
002968,49,2019/04/08,JPM.PD,
002968,49,2019/04/09,JPM.PD,
002968,49,2019/04/10,JPM.PD,
002968,49,2019/04/11,JPM.PD,
002968,49,2019/04/12,JPM.PD,
002968,49,2019/04/15,JPM.PD,
002968,49,2019/04/16,JPM.PD,
002968,49,2019/04/17,JPM.PD,
002968,49,2019/04/18,JPM.PD,
002968,49,2019/04/22,JPM.PD,
002968,49,2019/04/23,JPM.PD,
002968,49,2019/04/24,JPM.PD,
002968,49,2019/04/25,JPM.PD,
002968,49,2019/04/26,JPM.PD,
002968,49,2019/04/29,JPM.PD,
002968,49,2019/04/30,JPM.PD,
002968,49,2019/05/01,JPM.PD,0.3594
002968,49,2019/05/02,JPM.PD,
002968,49,2019/05/03,JPM.PD,
002968,49,2019/05/06,JPM.PD,
002968,49,2019/05/07,JPM.PD,
002968,49,2019/05/08,JPM.PD,
002968,49,2019/05/09,JPM.PD,
002968,49,2019/05/10,JPM.PD,
002968,49,2019/05/13,JPM.PD,
002968,49,2019/05/14,JPM.PD,
002968,49,2019/05/15,JPM.PD,
002968,49,2019/05/16,JPM.PD,
002968,49,2019/05/17,JPM.PD,
002968,49,2019/05/20,JPM.PD,
002968,49,2019/05/21,JPM.PD,
002968,49,2019/05/22,JPM.PD,
002968,49,2019/05/23,JPM.PD,
002968,49,2019/05/24,JPM.PD,
002968,49,2019/05/28,JPM.PD,
002968,49,2019/05/29,JPM.PD,
002968,49,2019/05/30,JPM.PD,
002968,49,2019/05/31,JPM.PD,
002968,49,2019/06/03,JPM.PD,
002968,49,2019/06/04,JPM.PD,
002968,49,2019/06/05,JPM.PD,
002968,49,2019/06/06,JPM.PD,
002968,49,2019/06/07,JPM.PD,
002968,49,2019/06/10,JPM.PD,
002968,49,2019/06/11,JPM.PD,
002968,49,2019/06/12,JPM.PD,
002968,49,2019/06/13,JPM.PD,
002968,49,2019/06/14,JPM.PD,
002968,49,2019/06/17,JPM.PD,
002968,49,2019/06/18,JPM.PD,
002968,49,2019/06/19,JPM.PD,
002968,49,2019/06/20,JPM.PD,
002968,49,2019/06/21,JPM.PD,
002968,49,2019/06/24,JPM.PD,
002968,49,2019/06/25,JPM.PD,
002968,49,2019/06/26,JPM.PD,
002968,49,2019/06/27,JPM.PD,
002968,49,2019/06/28,JPM.PD,
002968,78,2019/04/01,JPM.PG,
002968,78,2019/04/02,JPM.PG,
002968,78,2019/04/03,JPM.PG,
002968,78,2019/04/04,JPM.PG,
002968,78,2019/04/05,JPM.PG,
002968,78,2019/04/08,JPM.PG,
002968,78,2019/04/09,JPM.PG,
002968,78,2019/04/10,JPM.PG,
002968,78,2019/04/11,JPM.PG,
002968,78,2019/04/12,JPM.PG,
002968,78,2019/04/15,JPM.PG,
002968,78,2019/04/16,JPM.PG,
002968,78,2019/04/17,JPM.PG,
002968,78,2019/04/18,JPM.PG,
002968,78,2019/04/22,JPM.PG,
002968,78,2019/04/23,JPM.PG,
002968,78,2019/04/24,JPM.PG,
002968,78,2019/04/25,JPM.PG,
002968,78,2019/04/26,JPM.PG,
002968,78,2019/04/29,JPM.PG,
002968,78,2019/04/30,JPM.PG,
002968,78,2019/05/01,JPM.PG,0.3813
002968,78,2019/05/02,JPM.PG,
002968,78,2019/05/03,JPM.PG,
002968,78,2019/05/06,JPM.PG,
002968,78,2019/05/07,JPM.PG,
002968,78,2019/05/08,JPM.PG,
002968,78,2019/05/09,JPM.PG,
002968,78,2019/05/10,JPM.PG,
002968,78,2019/05/13,JPM.PG,
002968,78,2019/05/14,JPM.PG,
002968,78,2019/05/15,JPM.PG,
002968,78,2019/05/16,JPM.PG,
002968,78,2019/05/17,JPM.PG,
002968,78,2019/05/20,JPM.PG,
002968,78,2019/05/21,JPM.PG,
002968,78,2019/05/22,JPM.PG,
002968,78,2019/05/23,JPM.PG,
002968,78,2019/05/24,JPM.PG,
002968,78,2019/05/28,JPM.PG,
002968,78,2019/05/29,JPM.PG,
002968,78,2019/05/30,JPM.PG,
002968,78,2019/05/31,JPM.PG,
002968,78,2019/06/03,JPM.PG,
002968,78,2019/06/04,JPM.PG,
002968,78,2019/06/05,JPM.PG,
002968,78,2019/06/06,JPM.PG,
002968,78,2019/06/07,JPM.PG,
002968,78,2019/06/10,JPM.PG,
002968,78,2019/06/11,JPM.PG,
002968,78,2019/06/12,JPM.PG,
002968,78,2019/06/13,JPM.PG,
002968,78,2019/06/14,JPM.PG,
002968,78,2019/06/17,JPM.PG,
002968,78,2019/06/18,JPM.PG,
002968,78,2019/06/19,JPM.PG,
002968,78,2019/06/20,JPM.PG,
002968,78,2019/06/21,JPM.PG,
002968,78,2019/06/24,JPM.PG,
002968,78,2019/06/25,JPM.PG,
002968,78,2019/06/26,JPM.PG,
002968,78,2019/06/27,JPM.PG,
002968,78,2019/06/28,JPM.PG,
002968,82,2019/04/01,JPM.PA,
002968,82,2019/04/02,JPM.PA,
002968,82,2019/04/03,JPM.PA,
002968,82,2019/04/04,JPM.PA,
002968,82,2019/04/05,JPM.PA,
002968,82,2019/04/08,JPM.PA,
002968,82,2019/04/09,JPM.PA,
002968,82,2019/04/10,JPM.PA,
002968,82,2019/04/11,JPM.PA,
002968,82,2019/04/12,JPM.PA,
002968,82,2019/04/15,JPM.PA,
002968,82,2019/04/16,JPM.PA,
002968,82,2019/04/17,JPM.PA,
002968,82,2019/04/18,JPM.PA,
002968,82,2019/04/22,JPM.PA,
002968,82,2019/04/23,JPM.PA,
002968,82,2019/04/24,JPM.PA,
002968,82,2019/04/25,JPM.PA,
002968,82,2019/04/26,JPM.PA,
002968,82,2019/04/29,JPM.PA,
002968,82,2019/04/30,JPM.PA,
002968,82,2019/05/01,JPM.PA,0.3406
002968,82,2019/05/02,JPM.PA,
002968,82,2019/05/03,JPM.PA,
002968,82,2019/05/06,JPM.PA,
002968,82,2019/05/07,JPM.PA,
002968,82,2019/05/08,JPM.PA,
002968,82,2019/05/09,JPM.PA,
002968,82,2019/05/10,JPM.PA,
002968,82,2019/05/13,JPM.PA,
002968,82,2019/05/14,JPM.PA,
002968,82,2019/05/15,JPM.PA,
002968,82,2019/05/16,JPM.PA,
002968,82,2019/05/17,JPM.PA,
002968,82,2019/05/20,JPM.PA,
002968,82,2019/05/21,JPM.PA,
002968,82,2019/05/22,JPM.PA,
002968,82,2019/05/23,JPM.PA,
002968,82,2019/05/24,JPM.PA,
002968,82,2019/05/28,JPM.PA,
002968,82,2019/05/29,JPM.PA,
002968,82,2019/05/30,JPM.PA,
002968,82,2019/05/31,JPM.PA,
002968,82,2019/06/03,JPM.PA,
002968,82,2019/06/04,JPM.PA,
002968,82,2019/06/05,JPM.PA,
002968,82,2019/06/06,JPM.PA,
002968,82,2019/06/07,JPM.PA,
002968,82,2019/06/10,JPM.PA,
002968,82,2019/06/11,JPM.PA,
002968,82,2019/06/12,JPM.PA,
002968,82,2019/06/13,JPM.PA,
002968,82,2019/06/14,JPM.PA,
002968,82,2019/06/17,JPM.PA,
002968,82,2019/06/18,JPM.PA,
002968,82,2019/06/19,JPM.PA,
002968,82,2019/06/20,JPM.PA,
002968,82,2019/06/21,JPM.PA,
002968,82,2019/06/24,JPM.PA,
002968,82,2019/06/25,JPM.PA,
002968,82,2019/06/26,JPM.PA,
002968,82,2019/06/27,JPM.PA,
002968,82,2019/06/28,JPM.PA,
002968,83,2019/04/01,JPM.PC,
002968,83,2019/04/02,JPM.PC,
002968,83,2019/04/03,JPM.PC,
002968,83,2019/04/04,JPM.PC,
002968,83,2019/04/05,JPM.PC,
002968,83,2019/04/08,JPM.PC,
002968,83,2019/04/09,JPM.PC,
002968,83,2019/04/10,JPM.PC,
002968,83,2019/04/11,JPM.PC,
002968,83,2019/04/12,JPM.PC,
002968,83,2019/04/15,JPM.PC,
002968,83,2019/04/16,JPM.PC,
002968,83,2019/04/17,JPM.PC,
002968,83,2019/04/18,JPM.PC,
002968,83,2019/04/22,JPM.PC,
002968,83,2019/04/23,JPM.PC,
002968,83,2019/04/24,JPM.PC,
002968,83,2019/04/25,JPM.PC,
002968,83,2019/04/26,JPM.PC,
002968,83,2019/04/29,JPM.PC,
002968,83,2019/04/30,JPM.PC,
002968,83,2019/05/01,JPM.PC,0.5292
002968,83,2019/05/02,JPM.PC,
002968,83,2019/05/03,JPM.PC,
002968,83,2019/05/06,JPM.PC,
002968,83,2019/05/07,JPM.PC,
002968,83,2019/05/08,JPM.PC,
002968,83,2019/05/09,JPM.PC,
002968,83,2019/05/10,JPM.PC,
002968,83,2019/05/13,JPM.PC,
002968,83,2019/05/14,JPM.PC,
002968,83,2019/05/15,JPM.PC,
002968,83,2019/05/16,JPM.PC,
002968,83,2019/05/17,JPM.PC,
002968,83,2019/05/20,JPM.PC,
002968,83,2019/05/21,JPM.PC,
002968,83,2019/05/22,JPM.PC,
002968,83,2019/05/23,JPM.PC,
002968,83,2019/05/24,JPM.PC,
002968,83,2019/05/28,JPM.PC,
002968,83,2019/05/29,JPM.PC,
002968,83,2019/05/30,JPM.PC,
002968,83,2019/05/31,JPM.PC,
002968,83,2019/06/03,JPM.PC,
002968,83,2019/06/04,JPM.PC,
002968,83,2019/06/05,JPM.PC,
002968,83,2019/06/06,JPM.PC,
002968,83,2019/06/07,JPM.PC,
002968,83,2019/06/10,JPM.PC,
002968,83,2019/06/11,JPM.PC,
002968,83,2019/06/12,JPM.PC,
002968,83,2019/06/13,JPM.PC,
002968,83,2019/06/14,JPM.PC,
002968,83,2019/06/17,JPM.PC,
002968,83,2019/06/18,JPM.PC,
002968,83,2019/06/19,JPM.PC,
002968,83,2019/06/20,JPM.PC,
002968,83,2019/06/21,JPM.PC,
002968,83,2019/06/24,JPM.PC,
002968,83,2019/06/25,JPM.PC,
002968,83,2019/06/26,JPM.PC,
002968,83,2019/06/27,JPM.PC,
002968,83,2019/06/28,JPM.PC,
002968,85,2019/04/01,JPM.PH,
002968,85,2019/04/02,JPM.PH,
002968,85,2019/04/03,JPM.PH,
002968,85,2019/04/04,JPM.PH,
002968,85,2019/04/05,JPM.PH,
002968,85,2019/04/08,JPM.PH,
002968,85,2019/04/09,JPM.PH,
002968,85,2019/04/10,JPM.PH,
002968,85,2019/04/11,JPM.PH,
002968,85,2019/04/12,JPM.PH,
002968,85,2019/04/15,JPM.PH,
002968,85,2019/04/16,JPM.PH,
002968,85,2019/04/17,JPM.PH,
002968,85,2019/04/18,JPM.PH,
002968,85,2019/04/22,JPM.PH,
002968,85,2019/04/23,JPM.PH,
002968,85,2019/04/24,JPM.PH,
002968,85,2019/04/25,JPM.PH,
002968,85,2019/04/26,JPM.PH,
002968,85,2019/04/29,JPM.PH,
002968,85,2019/04/30,JPM.PH,
002968,85,2019/05/01,JPM.PH,0.3844
002968,85,2019/05/02,JPM.PH,
002968,85,2019/05/03,JPM.PH,
002968,85,2019/05/06,JPM.PH,
002968,85,2019/05/07,JPM.PH,
002968,85,2019/05/08,JPM.PH,
002968,85,2019/05/09,JPM.PH,
002968,85,2019/05/10,JPM.PH,
002968,85,2019/05/13,JPM.PH,
002968,85,2019/05/14,JPM.PH,
002968,85,2019/05/15,JPM.PH,
002968,85,2019/05/16,JPM.PH,
002968,85,2019/05/17,JPM.PH,
002968,85,2019/05/20,JPM.PH,
002968,85,2019/05/21,JPM.PH,
002968,85,2019/05/22,JPM.PH,
002968,85,2019/05/23,JPM.PH,
002968,85,2019/05/24,JPM.PH,
002968,85,2019/05/28,JPM.PH,
002968,85,2019/05/29,JPM.PH,
002968,85,2019/05/30,JPM.PH,
002968,85,2019/05/31,JPM.PH,
002968,85,2019/06/03,JPM.PH,
002968,85,2019/06/04,JPM.PH,
002968,85,2019/06/05,JPM.PH,
002968,85,2019/06/06,JPM.PH,
002968,85,2019/06/07,JPM.PH,
002968,85,2019/06/10,JPM.PH,
002968,85,2019/06/11,JPM.PH,
002968,85,2019/06/12,JPM.PH,
002968,85,2019/06/13,JPM.PH,
002968,85,2019/06/14,JPM.PH,
002968,85,2019/06/17,JPM.PH,
002968,85,2019/06/18,JPM.PH,
002968,85,2019/06/19,JPM.PH,
002968,85,2019/06/20,JPM.PH,
002968,85,2019/06/21,JPM.PH,
002968,85,2019/06/24,JPM.PH,
002968,85,2019/06/25,JPM.PH,
002968,85,2019/06/26,JPM.PH,
002968,85,2019/06/27,JPM.PH,
002968,85,2019/06/28,JPM.PH,
002968,87,2019/04/01,JPM.PE,
002968,87,2019/04/02,JPM.PE,
002968,87,2019/04/03,JPM.PE,
002968,87,2019/04/04,JPM.PE,
002968,87,2019/04/05,JPM.PE,
002968,87,2019/04/08,JPM.PE,
002968,87,2019/04/09,JPM.PE,
002968,87,2019/04/10,JPM.PE,
002968,87,2019/04/11,JPM.PE,
002968,87,2019/04/12,JPM.PE,
002968,87,2019/04/15,JPM.PE,
002968,87,2019/04/16,JPM.PE,
002968,87,2019/04/17,JPM.PE,
002968,87,2019/04/18,JPM.PE,
002968,87,2019/04/22,JPM.PE,
002968,87,2019/04/23,JPM.PE,
002968,87,2019/04/24,JPM.PE,
002968,87,2019/04/25,JPM.PE,
002968,87,2019/04/26,JPM.PE,
002968,87,2019/04/29,JPM.PE,
002968,87,2019/04/30,JPM.PE,
002968,87,2019/05/01,JPM.PE,0.3938
002968,87,2019/05/02,JPM.PE,
002968,87,2019/05/03,JPM.PE,
002968,87,2019/05/06,JPM.PE,
002968,87,2019/05/07,JPM.PE,
002968,87,2019/05/08,JPM.PE,
002968,87,2019/05/09,JPM.PE,
002968,87,2019/05/10,JPM.PE,
002968,87,2019/05/13,JPM.PE,
002968,87,2019/05/14,JPM.PE,
002968,87,2019/05/15,JPM.PE,
002968,87,2019/05/16,JPM.PE,
002968,87,2019/05/17,JPM.PE,
002968,87,2019/05/20,JPM.PE,
002968,87,2019/05/21,JPM.PE,
002968,87,2019/05/22,JPM.PE,
002968,87,2019/05/23,JPM.PE,
002968,87,2019/05/24,JPM.PE,
002968,87,2019/05/28,JPM.PE,
002968,87,2019/05/29,JPM.PE,
002968,87,2019/05/30,JPM.PE,
002968,87,2019/05/31,JPM.PE,
002968,87,2019/06/03,JPM.PE,
002968,87,2019/06/04,JPM.PE,
002968,87,2019/06/05,JPM.PE,
002968,87,2019/06/06,JPM.PE,
002968,87,2019/06/07,JPM.PE,
002968,87,2019/06/10,JPM.PE,
002968,87,2019/06/11,JPM.PE,
002968,87,2019/06/12,JPM.PE,
002968,87,2019/06/13,JPM.PE,
002968,87,2019/06/14,JPM.PE,
002968,87,2019/06/17,JPM.PE,
002968,87,2019/06/18,JPM.PE,
002968,87,2019/06/19,JPM.PE,
002968,87,2019/06/20,JPM.PE,
002968,87,2019/06/21,JPM.PE,
002968,87,2019/06/24,JPM.PE,
002968,87,2019/06/25,JPM.PE,
002968,87,2019/06/26,JPM.PE,
002968,87,2019/06/27,JPM.PE,
002968,87,2019/06/28,JPM.PE,
002991,01,2019/04/01,CVX,
002991,01,2019/04/02,CVX,
002991,01,2019/04/03,CVX,
002991,01,2019/04/04,CVX,
002991,01,2019/04/05,CVX,
002991,01,2019/04/08,CVX,
002991,01,2019/04/09,CVX,
002991,01,2019/04/10,CVX,
002991,01,2019/04/11,CVX,
002991,01,2019/04/12,CVX,
002991,01,2019/04/15,CVX,
002991,01,2019/04/16,CVX,
002991,01,2019/04/17,CVX,
002991,01,2019/04/18,CVX,
002991,01,2019/04/22,CVX,
002991,01,2019/04/23,CVX,
002991,01,2019/04/24,CVX,
002991,01,2019/04/25,CVX,
002991,01,2019/04/26,CVX,
002991,01,2019/04/29,CVX,
002991,01,2019/04/30,CVX,
002991,01,2019/05/01,CVX,
002991,01,2019/05/02,CVX,
002991,01,2019/05/03,CVX,
002991,01,2019/05/06,CVX,
002991,01,2019/05/07,CVX,
002991,01,2019/05/08,CVX,
002991,01,2019/05/09,CVX,
002991,01,2019/05/10,CVX,
002991,01,2019/05/13,CVX,
002991,01,2019/05/14,CVX,
002991,01,2019/05/15,CVX,
002991,01,2019/05/16,CVX,1.1900
002991,01,2019/05/17,CVX,
002991,01,2019/05/20,CVX,
002991,01,2019/05/21,CVX,
002991,01,2019/05/22,CVX,
002991,01,2019/05/23,CVX,
002991,01,2019/05/24,CVX,
002991,01,2019/05/28,CVX,
002991,01,2019/05/29,CVX,
002991,01,2019/05/30,CVX,
002991,01,2019/05/31,CVX,
002991,01,2019/06/03,CVX,
002991,01,2019/06/04,CVX,
002991,01,2019/06/05,CVX,
002991,01,2019/06/06,CVX,
002991,01,2019/06/07,CVX,
002991,01,2019/06/10,CVX,
002991,01,2019/06/11,CVX,
002991,01,2019/06/12,CVX,
002991,01,2019/06/13,CVX,
002991,01,2019/06/14,CVX,
002991,01,2019/06/17,CVX,
002991,01,2019/06/18,CVX,
002991,01,2019/06/19,CVX,
002991,01,2019/06/20,CVX,
002991,01,2019/06/21,CVX,
002991,01,2019/06/24,CVX,
002991,01,2019/06/25,CVX,
002991,01,2019/06/26,CVX,
002991,01,2019/06/27,CVX,
002991,01,2019/06/28,CVX,
003144,01,2019/04/01,KO,
003144,01,2019/04/02,KO,
003144,01,2019/04/03,KO,
003144,01,2019/04/04,KO,
003144,01,2019/04/05,KO,
003144,01,2019/04/08,KO,
003144,01,2019/04/09,KO,
003144,01,2019/04/10,KO,
003144,01,2019/04/11,KO,
003144,01,2019/04/12,KO,
003144,01,2019/04/15,KO,
003144,01,2019/04/16,KO,
003144,01,2019/04/17,KO,
003144,01,2019/04/18,KO,
003144,01,2019/04/22,KO,
003144,01,2019/04/23,KO,
003144,01,2019/04/24,KO,
003144,01,2019/04/25,KO,
003144,01,2019/04/26,KO,
003144,01,2019/04/29,KO,
003144,01,2019/04/30,KO,
003144,01,2019/05/01,KO,
003144,01,2019/05/02,KO,
003144,01,2019/05/03,KO,
003144,01,2019/05/06,KO,
003144,01,2019/05/07,KO,
003144,01,2019/05/08,KO,
003144,01,2019/05/09,KO,
003144,01,2019/05/10,KO,
003144,01,2019/05/13,KO,
003144,01,2019/05/14,KO,
003144,01,2019/05/15,KO,
003144,01,2019/05/16,KO,
003144,01,2019/05/17,KO,
003144,01,2019/05/20,KO,
003144,01,2019/05/21,KO,
003144,01,2019/05/22,KO,
003144,01,2019/05/23,KO,
003144,01,2019/05/24,KO,
003144,01,2019/05/28,KO,
003144,01,2019/05/29,KO,
003144,01,2019/05/30,KO,
003144,01,2019/05/31,KO,
003144,01,2019/06/03,KO,
003144,01,2019/06/04,KO,
003144,01,2019/06/05,KO,
003144,01,2019/06/06,KO,
003144,01,2019/06/07,KO,
003144,01,2019/06/10,KO,
003144,01,2019/06/11,KO,
003144,01,2019/06/12,KO,
003144,01,2019/06/13,KO,0.4000
003144,01,2019/06/14,KO,
003144,01,2019/06/17,KO,
003144,01,2019/06/18,KO,
003144,01,2019/06/19,KO,
003144,01,2019/06/20,KO,
003144,01,2019/06/21,KO,
003144,01,2019/06/24,KO,
003144,01,2019/06/25,KO,
003144,01,2019/06/26,KO,
003144,01,2019/06/27,KO,
003144,01,2019/06/28,KO,
003980,01,2019/04/01,DIS,
003980,01,2019/04/02,DIS,
003980,01,2019/04/03,DIS,
003980,01,2019/04/04,DIS,
003980,01,2019/04/05,DIS,
003980,01,2019/04/08,DIS,
003980,01,2019/04/09,DIS,
003980,01,2019/04/10,DIS,
003980,01,2019/04/11,DIS,
003980,01,2019/04/12,DIS,
003980,01,2019/04/15,DIS,
003980,01,2019/04/16,DIS,
003980,01,2019/04/17,DIS,
003980,01,2019/04/18,DIS,
003980,01,2019/04/22,DIS,
003980,01,2019/04/23,DIS,
003980,01,2019/04/24,DIS,
003980,01,2019/04/25,DIS,
003980,01,2019/04/26,DIS,
003980,01,2019/04/29,DIS,
003980,01,2019/04/30,DIS,
003980,01,2019/05/01,DIS,
003980,01,2019/05/02,DIS,
003980,01,2019/05/03,DIS,
003980,01,2019/05/06,DIS,
003980,01,2019/05/07,DIS,
003980,01,2019/05/08,DIS,
003980,01,2019/05/09,DIS,
003980,01,2019/05/10,DIS,
003980,01,2019/05/13,DIS,
003980,01,2019/05/14,DIS,
003980,01,2019/05/15,DIS,
003980,01,2019/05/16,DIS,
003980,01,2019/05/17,DIS,
003980,01,2019/05/20,DIS,
003980,01,2019/05/21,DIS,
003980,01,2019/05/22,DIS,
003980,01,2019/05/23,DIS,
003980,01,2019/05/24,DIS,
003980,01,2019/05/28,DIS,
003980,01,2019/05/29,DIS,
003980,01,2019/05/30,DIS,
003980,01,2019/05/31,DIS,
003980,01,2019/06/03,DIS,
003980,01,2019/06/04,DIS,
003980,01,2019/06/05,DIS,
003980,01,2019/06/06,DIS,
003980,01,2019/06/07,DIS,
003980,01,2019/06/10,DIS,
003980,01,2019/06/11,DIS,
003980,01,2019/06/12,DIS,
003980,01,2019/06/13,DIS,
003980,01,2019/06/14,DIS,
003980,01,2019/06/17,DIS,
003980,01,2019/06/18,DIS,
003980,01,2019/06/19,DIS,
003980,01,2019/06/20,DIS,
003980,01,2019/06/21,DIS,
003980,01,2019/06/24,DIS,
003980,01,2019/06/25,DIS,
003980,01,2019/06/26,DIS,
003980,01,2019/06/27,DIS,
003980,01,2019/06/28,DIS,
004060,01,2019/04/01,DD,
004060,01,2019/04/02,DD,
004060,01,2019/04/03,DD,
004060,01,2019/04/04,DD,
004060,01,2019/04/05,DD,
004060,01,2019/04/08,DD,
004060,01,2019/04/09,DD,
004060,01,2019/04/10,DD,
004060,01,2019/04/11,DD,
004060,01,2019/04/12,DD,
004060,01,2019/04/15,DD,
004060,01,2019/04/16,DD,
004060,01,2019/04/17,DD,
004060,01,2019/04/18,DD,
004060,01,2019/04/22,DD,
004060,01,2019/04/23,DD,
004060,01,2019/04/24,DD,
004060,01,2019/04/25,DD,
004060,01,2019/04/26,DD,
004060,01,2019/04/29,DD,
004060,01,2019/04/30,DD,
004060,01,2019/05/01,DD,
004060,01,2019/05/02,DD,0.1400
004060,01,2019/05/03,DD,
004060,01,2019/05/06,DD,
004060,01,2019/05/07,DD,
004060,01,2019/05/08,DD,
004060,01,2019/05/09,DD,
004060,01,2019/05/10,DD,
004060,01,2019/05/13,DD,
004060,01,2019/05/14,DD,
004060,01,2019/05/15,DD,
004060,01,2019/05/16,DD,
004060,01,2019/05/17,DD,
004060,01,2019/05/20,DD,
004060,01,2019/05/21,DD,
004060,01,2019/05/22,DD,
004060,01,2019/05/23,DD,
004060,01,2019/05/24,DD,
004060,01,2019/05/28,DD,
004060,01,2019/05/29,DD,
004060,01,2019/05/30,DD,
004060,01,2019/05/31,DD,
004060,01,2019/06/03,DD,
004060,01,2019/06/04,DD,
004060,01,2019/06/05,DD,
004060,01,2019/06/06,DD,
004060,01,2019/06/07,DD,
004060,01,2019/06/10,DD,
004060,01,2019/06/11,DD,
004060,01,2019/06/12,DD,
004060,01,2019/06/13,DD,
004060,01,2019/06/14,DD,
004060,01,2019/06/17,DD,
004060,01,2019/06/18,DD,
004060,01,2019/06/19,DD,
004060,01,2019/06/20,DD,
004060,01,2019/06/21,DD,
004060,01,2019/06/24,DD,
004060,01,2019/06/25,DD,
004060,01,2019/06/26,DD,
004060,01,2019/06/27,DD,
004060,01,2019/06/28,DD,
004503,01,2019/04/01,XOM,
004503,01,2019/04/02,XOM,
004503,01,2019/04/03,XOM,
004503,01,2019/04/04,XOM,
004503,01,2019/04/05,XOM,
004503,01,2019/04/08,XOM,
004503,01,2019/04/09,XOM,
004503,01,2019/04/10,XOM,
004503,01,2019/04/11,XOM,
004503,01,2019/04/12,XOM,
004503,01,2019/04/15,XOM,
004503,01,2019/04/16,XOM,
004503,01,2019/04/17,XOM,
004503,01,2019/04/18,XOM,
004503,01,2019/04/22,XOM,
004503,01,2019/04/23,XOM,
004503,01,2019/04/24,XOM,
004503,01,2019/04/25,XOM,
004503,01,2019/04/26,XOM,
004503,01,2019/04/29,XOM,
004503,01,2019/04/30,XOM,
004503,01,2019/05/01,XOM,
004503,01,2019/05/02,XOM,
004503,01,2019/05/03,XOM,
004503,01,2019/05/06,XOM,
004503,01,2019/05/07,XOM,
004503,01,2019/05/08,XOM,
004503,01,2019/05/09,XOM,
004503,01,2019/05/10,XOM,0.8700
004503,01,2019/05/13,XOM,
004503,01,2019/05/14,XOM,
004503,01,2019/05/15,XOM,
004503,01,2019/05/16,XOM,
004503,01,2019/05/17,XOM,
004503,01,2019/05/20,XOM,
004503,01,2019/05/21,XOM,
004503,01,2019/05/22,XOM,
004503,01,2019/05/23,XOM,
004503,01,2019/05/24,XOM,
004503,01,2019/05/28,XOM,
004503,01,2019/05/29,XOM,
004503,01,2019/05/30,XOM,
004503,01,2019/05/31,XOM,
004503,01,2019/06/03,XOM,
004503,01,2019/06/04,XOM,
004503,01,2019/06/05,XOM,
004503,01,2019/06/06,XOM,
004503,01,2019/06/07,XOM,
004503,01,2019/06/10,XOM,
004503,01,2019/06/11,XOM,
004503,01,2019/06/12,XOM,
004503,01,2019/06/13,XOM,
004503,01,2019/06/14,XOM,
004503,01,2019/06/17,XOM,
004503,01,2019/06/18,XOM,
004503,01,2019/06/19,XOM,
004503,01,2019/06/20,XOM,
004503,01,2019/06/21,XOM,
004503,01,2019/06/24,XOM,
004503,01,2019/06/25,XOM,
004503,01,2019/06/26,XOM,
004503,01,2019/06/27,XOM,
004503,01,2019/06/28,XOM,
005047,01,2019/04/01,GE,
005047,01,2019/04/02,GE,
005047,01,2019/04/03,GE,
005047,01,2019/04/04,GE,
005047,01,2019/04/05,GE,
005047,01,2019/04/08,GE,
005047,01,2019/04/09,GE,
005047,01,2019/04/10,GE,
005047,01,2019/04/11,GE,
005047,01,2019/04/12,GE,
005047,01,2019/04/15,GE,
005047,01,2019/04/16,GE,
005047,01,2019/04/17,GE,
005047,01,2019/04/18,GE,
005047,01,2019/04/22,GE,
005047,01,2019/04/23,GE,
005047,01,2019/04/24,GE,
005047,01,2019/04/25,GE,
005047,01,2019/04/26,GE,
005047,01,2019/04/29,GE,
005047,01,2019/04/30,GE,
005047,01,2019/05/01,GE,
005047,01,2019/05/02,GE,
005047,01,2019/05/03,GE,
005047,01,2019/05/06,GE,
005047,01,2019/05/07,GE,
005047,01,2019/05/08,GE,
005047,01,2019/05/09,GE,
005047,01,2019/05/10,GE,
005047,01,2019/05/13,GE,
005047,01,2019/05/14,GE,
005047,01,2019/05/15,GE,
005047,01,2019/05/16,GE,
005047,01,2019/05/17,GE,
005047,01,2019/05/20,GE,
005047,01,2019/05/21,GE,
005047,01,2019/05/22,GE,
005047,01,2019/05/23,GE,
005047,01,2019/05/24,GE,
005047,01,2019/05/28,GE,
005047,01,2019/05/29,GE,
005047,01,2019/05/30,GE,
005047,01,2019/05/31,GE,
005047,01,2019/06/03,GE,
005047,01,2019/06/04,GE,
005047,01,2019/06/05,GE,
005047,01,2019/06/06,GE,
005047,01,2019/06/07,GE,
005047,01,2019/06/10,GE,
005047,01,2019/06/11,GE,
005047,01,2019/06/12,GE,
005047,01,2019/06/13,GE,
005047,01,2019/06/14,GE,
005047,01,2019/06/17,GE,
005047,01,2019/06/18,GE,
005047,01,2019/06/19,GE,
005047,01,2019/06/20,GE,
005047,01,2019/06/21,GE,
005047,01,2019/06/24,GE,
005047,01,2019/06/25,GE,
005047,01,2019/06/26,GE,
005047,01,2019/06/27,GE,
005047,01,2019/06/28,GE,0.0100
005680,01,2019/04/01,HD,
005680,01,2019/04/02,HD,
005680,01,2019/04/03,HD,
005680,01,2019/04/04,HD,
005680,01,2019/04/05,HD,
005680,01,2019/04/08,HD,
005680,01,2019/04/09,HD,
005680,01,2019/04/10,HD,
005680,01,2019/04/11,HD,
005680,01,2019/04/12,HD,
005680,01,2019/04/15,HD,
005680,01,2019/04/16,HD,
005680,01,2019/04/17,HD,
005680,01,2019/04/18,HD,
005680,01,2019/04/22,HD,
005680,01,2019/04/23,HD,
005680,01,2019/04/24,HD,
005680,01,2019/04/25,HD,
005680,01,2019/04/26,HD,
005680,01,2019/04/29,HD,
005680,01,2019/04/30,HD,
005680,01,2019/05/01,HD,
005680,01,2019/05/02,HD,
005680,01,2019/05/03,HD,
005680,01,2019/05/06,HD,
005680,01,2019/05/07,HD,
005680,01,2019/05/08,HD,
005680,01,2019/05/09,HD,
005680,01,2019/05/10,HD,
005680,01,2019/05/13,HD,
005680,01,2019/05/14,HD,
005680,01,2019/05/15,HD,
005680,01,2019/05/16,HD,
005680,01,2019/05/17,HD,
005680,01,2019/05/20,HD,
005680,01,2019/05/21,HD,
005680,01,2019/05/22,HD,
005680,01,2019/05/23,HD,
005680,01,2019/05/24,HD,
005680,01,2019/05/28,HD,
005680,01,2019/05/29,HD,
005680,01,2019/05/30,HD,
005680,01,2019/05/31,HD,
005680,01,2019/06/03,HD,
005680,01,2019/06/04,HD,
005680,01,2019/06/05,HD,1.3600
005680,01,2019/06/06,HD,
005680,01,2019/06/07,HD,
005680,01,2019/06/10,HD,
005680,01,2019/06/11,HD,
005680,01,2019/06/12,HD,
005680,01,2019/06/13,HD,
005680,01,2019/06/14,HD,
005680,01,2019/06/17,HD,
005680,01,2019/06/18,HD,
005680,01,2019/06/19,HD,
005680,01,2019/06/20,HD,
005680,01,2019/06/21,HD,
005680,01,2019/06/24,HD,
005680,01,2019/06/25,HD,
005680,01,2019/06/26,HD,
005680,01,2019/06/27,HD,
005680,01,2019/06/28,HD,
006008,01,2019/04/01,INTC,
006008,01,2019/04/02,INTC,
006008,01,2019/04/03,INTC,
006008,01,2019/04/04,INTC,
006008,01,2019/04/05,INTC,
006008,01,2019/04/08,INTC,
006008,01,2019/04/09,INTC,
006008,01,2019/04/10,INTC,
006008,01,2019/04/11,INTC,
006008,01,2019/04/12,INTC,
006008,01,2019/04/15,INTC,
006008,01,2019/04/16,INTC,
006008,01,2019/04/17,INTC,
006008,01,2019/04/18,INTC,
006008,01,2019/04/22,INTC,
006008,01,2019/04/23,INTC,
006008,01,2019/04/24,INTC,
006008,01,2019/04/25,INTC,
006008,01,2019/04/26,INTC,
006008,01,2019/04/29,INTC,
006008,01,2019/04/30,INTC,
006008,01,2019/05/01,INTC,
006008,01,2019/05/02,INTC,
006008,01,2019/05/03,INTC,
006008,01,2019/05/06,INTC,0.3150
006008,01,2019/05/07,INTC,
006008,01,2019/05/08,INTC,
006008,01,2019/05/09,INTC,
006008,01,2019/05/10,INTC,
006008,01,2019/05/13,INTC,
006008,01,2019/05/14,INTC,
006008,01,2019/05/15,INTC,
006008,01,2019/05/16,INTC,
006008,01,2019/05/17,INTC,
006008,01,2019/05/20,INTC,
006008,01,2019/05/21,INTC,
006008,01,2019/05/22,INTC,
006008,01,2019/05/23,INTC,
006008,01,2019/05/24,INTC,
006008,01,2019/05/28,INTC,
006008,01,2019/05/29,INTC,
006008,01,2019/05/30,INTC,
006008,01,2019/05/31,INTC,
006008,01,2019/06/03,INTC,
006008,01,2019/06/04,INTC,
006008,01,2019/06/05,INTC,
006008,01,2019/06/06,INTC,
006008,01,2019/06/07,INTC,
006008,01,2019/06/10,INTC,
006008,01,2019/06/11,INTC,
006008,01,2019/06/12,INTC,
006008,01,2019/06/13,INTC,
006008,01,2019/06/14,INTC,
006008,01,2019/06/17,INTC,
006008,01,2019/06/18,INTC,
006008,01,2019/06/19,INTC,
006008,01,2019/06/20,INTC,
006008,01,2019/06/21,INTC,
006008,01,2019/06/24,INTC,
006008,01,2019/06/25,INTC,
006008,01,2019/06/26,INTC,
006008,01,2019/06/27,INTC,
006008,01,2019/06/28,INTC,
006066,01,2019/04/01,IBM,
006066,01,2019/04/02,IBM,
006066,01,2019/04/03,IBM,
006066,01,2019/04/04,IBM,
006066,01,2019/04/05,IBM,
006066,01,2019/04/08,IBM,
006066,01,2019/04/09,IBM,
006066,01,2019/04/10,IBM,
006066,01,2019/04/11,IBM,
006066,01,2019/04/12,IBM,
006066,01,2019/04/15,IBM,
006066,01,2019/04/16,IBM,
006066,01,2019/04/17,IBM,
006066,01,2019/04/18,IBM,
006066,01,2019/04/22,IBM,
006066,01,2019/04/23,IBM,
006066,01,2019/04/24,IBM,
006066,01,2019/04/25,IBM,
006066,01,2019/04/26,IBM,
006066,01,2019/04/29,IBM,
006066,01,2019/04/30,IBM,
006066,01,2019/05/01,IBM,
006066,01,2019/05/02,IBM,
006066,01,2019/05/03,IBM,
006066,01,2019/05/06,IBM,
006066,01,2019/05/07,IBM,
006066,01,2019/05/08,IBM,
006066,01,2019/05/09,IBM,1.6200
006066,01,2019/05/10,IBM,
006066,01,2019/05/13,IBM,
006066,01,2019/05/14,IBM,
006066,01,2019/05/15,IBM,
006066,01,2019/05/16,IBM,
006066,01,2019/05/17,IBM,
006066,01,2019/05/20,IBM,
006066,01,2019/05/21,IBM,
006066,01,2019/05/22,IBM,
006066,01,2019/05/23,IBM,
006066,01,2019/05/24,IBM,
006066,01,2019/05/28,IBM,
006066,01,2019/05/29,IBM,
006066,01,2019/05/30,IBM,
006066,01,2019/05/31,IBM,
006066,01,2019/06/03,IBM,
006066,01,2019/06/04,IBM,
006066,01,2019/06/05,IBM,
006066,01,2019/06/06,IBM,
006066,01,2019/06/07,IBM,
006066,01,2019/06/10,IBM,
006066,01,2019/06/11,IBM,
006066,01,2019/06/12,IBM,
006066,01,2019/06/13,IBM,
006066,01,2019/06/14,IBM,
006066,01,2019/06/17,IBM,
006066,01,2019/06/18,IBM,
006066,01,2019/06/19,IBM,
006066,01,2019/06/20,IBM,
006066,01,2019/06/21,IBM,
006066,01,2019/06/24,IBM,
006066,01,2019/06/25,IBM,
006066,01,2019/06/26,IBM,
006066,01,2019/06/27,IBM,
006066,01,2019/06/28,IBM,
006266,01,2019/04/01,JNJ,
006266,01,2019/04/02,JNJ,
006266,01,2019/04/03,JNJ,
006266,01,2019/04/04,JNJ,
006266,01,2019/04/05,JNJ,
006266,01,2019/04/08,JNJ,
006266,01,2019/04/09,JNJ,
006266,01,2019/04/10,JNJ,
006266,01,2019/04/11,JNJ,
006266,01,2019/04/12,JNJ,
006266,01,2019/04/15,JNJ,
006266,01,2019/04/16,JNJ,
006266,01,2019/04/17,JNJ,
006266,01,2019/04/18,JNJ,
006266,01,2019/04/22,JNJ,
006266,01,2019/04/23,JNJ,
006266,01,2019/04/24,JNJ,
006266,01,2019/04/25,JNJ,
006266,01,2019/04/26,JNJ,
006266,01,2019/04/29,JNJ,
006266,01,2019/04/30,JNJ,
006266,01,2019/05/01,JNJ,
006266,01,2019/05/02,JNJ,
006266,01,2019/05/03,JNJ,
006266,01,2019/05/06,JNJ,
006266,01,2019/05/07,JNJ,
006266,01,2019/05/08,JNJ,
006266,01,2019/05/09,JNJ,
006266,01,2019/05/10,JNJ,
006266,01,2019/05/13,JNJ,
006266,01,2019/05/14,JNJ,
006266,01,2019/05/15,JNJ,
006266,01,2019/05/16,JNJ,
006266,01,2019/05/17,JNJ,
006266,01,2019/05/20,JNJ,
006266,01,2019/05/21,JNJ,
006266,01,2019/05/22,JNJ,
006266,01,2019/05/23,JNJ,
006266,01,2019/05/24,JNJ,0.9500
006266,01,2019/05/28,JNJ,
006266,01,2019/05/29,JNJ,
006266,01,2019/05/30,JNJ,
006266,01,2019/05/31,JNJ,
006266,01,2019/06/03,JNJ,
006266,01,2019/06/04,JNJ,
006266,01,2019/06/05,JNJ,
006266,01,2019/06/06,JNJ,
006266,01,2019/06/07,JNJ,
006266,01,2019/06/10,JNJ,
006266,01,2019/06/11,JNJ,
006266,01,2019/06/12,JNJ,
006266,01,2019/06/13,JNJ,
006266,01,2019/06/14,JNJ,
006266,01,2019/06/17,JNJ,
006266,01,2019/06/18,JNJ,
006266,01,2019/06/19,JNJ,
006266,01,2019/06/20,JNJ,
006266,01,2019/06/21,JNJ,
006266,01,2019/06/24,JNJ,
006266,01,2019/06/25,JNJ,
006266,01,2019/06/26,JNJ,
006266,01,2019/06/27,JNJ,
006266,01,2019/06/28,JNJ,
007154,01,2019/04/01,MCD,
007154,01,2019/04/02,MCD,
007154,01,2019/04/03,MCD,
007154,01,2019/04/04,MCD,
007154,01,2019/04/05,MCD,
007154,01,2019/04/08,MCD,
007154,01,2019/04/09,MCD,
007154,01,2019/04/10,MCD,
007154,01,2019/04/11,MCD,
007154,01,2019/04/12,MCD,
007154,01,2019/04/15,MCD,
007154,01,2019/04/16,MCD,
007154,01,2019/04/17,MCD,
007154,01,2019/04/18,MCD,
007154,01,2019/04/22,MCD,
007154,01,2019/04/23,MCD,
007154,01,2019/04/24,MCD,
007154,01,2019/04/25,MCD,
007154,01,2019/04/26,MCD,
007154,01,2019/04/29,MCD,
007154,01,2019/04/30,MCD,
007154,01,2019/05/01,MCD,
007154,01,2019/05/02,MCD,
007154,01,2019/05/03,MCD,
007154,01,2019/05/06,MCD,
007154,01,2019/05/07,MCD,
007154,01,2019/05/08,MCD,
007154,01,2019/05/09,MCD,
007154,01,2019/05/10,MCD,
007154,01,2019/05/13,MCD,
007154,01,2019/05/14,MCD,
007154,01,2019/05/15,MCD,
007154,01,2019/05/16,MCD,
007154,01,2019/05/17,MCD,
007154,01,2019/05/20,MCD,
007154,01,2019/05/21,MCD,
007154,01,2019/05/22,MCD,
007154,01,2019/05/23,MCD,
007154,01,2019/05/24,MCD,
007154,01,2019/05/28,MCD,
007154,01,2019/05/29,MCD,
007154,01,2019/05/30,MCD,
007154,01,2019/05/31,MCD,1.1600
007154,01,2019/06/03,MCD,
007154,01,2019/06/04,MCD,
007154,01,2019/06/05,MCD,
007154,01,2019/06/06,MCD,
007154,01,2019/06/07,MCD,
007154,01,2019/06/10,MCD,
007154,01,2019/06/11,MCD,
007154,01,2019/06/12,MCD,
007154,01,2019/06/13,MCD,
007154,01,2019/06/14,MCD,
007154,01,2019/06/17,MCD,
007154,01,2019/06/18,MCD,
007154,01,2019/06/19,MCD,
007154,01,2019/06/20,MCD,
007154,01,2019/06/21,MCD,
007154,01,2019/06/24,MCD,
007154,01,2019/06/25,MCD,
007154,01,2019/06/26,MCD,
007154,01,2019/06/27,MCD,
007154,01,2019/06/28,MCD,
007257,01,2019/04/01,MRK,
007257,01,2019/04/02,MRK,
007257,01,2019/04/03,MRK,
007257,01,2019/04/04,MRK,
007257,01,2019/04/05,MRK,
007257,01,2019/04/08,MRK,
007257,01,2019/04/09,MRK,
007257,01,2019/04/10,MRK,
007257,01,2019/04/11,MRK,
007257,01,2019/04/12,MRK,
007257,01,2019/04/15,MRK,
007257,01,2019/04/16,MRK,
007257,01,2019/04/17,MRK,
007257,01,2019/04/18,MRK,
007257,01,2019/04/22,MRK,
007257,01,2019/04/23,MRK,
007257,01,2019/04/24,MRK,
007257,01,2019/04/25,MRK,
007257,01,2019/04/26,MRK,
007257,01,2019/04/29,MRK,
007257,01,2019/04/30,MRK,
007257,01,2019/05/01,MRK,
007257,01,2019/05/02,MRK,
007257,01,2019/05/03,MRK,
007257,01,2019/05/06,MRK,
007257,01,2019/05/07,MRK,
007257,01,2019/05/08,MRK,
007257,01,2019/05/09,MRK,
007257,01,2019/05/10,MRK,
007257,01,2019/05/13,MRK,
007257,01,2019/05/14,MRK,
007257,01,2019/05/15,MRK,
007257,01,2019/05/16,MRK,
007257,01,2019/05/17,MRK,
007257,01,2019/05/20,MRK,
007257,01,2019/05/21,MRK,
007257,01,2019/05/22,MRK,
007257,01,2019/05/23,MRK,
007257,01,2019/05/24,MRK,
007257,01,2019/05/28,MRK,
007257,01,2019/05/29,MRK,
007257,01,2019/05/30,MRK,
007257,01,2019/05/31,MRK,
007257,01,2019/06/03,MRK,
007257,01,2019/06/04,MRK,
007257,01,2019/06/05,MRK,
007257,01,2019/06/06,MRK,
007257,01,2019/06/07,MRK,
007257,01,2019/06/10,MRK,
007257,01,2019/06/11,MRK,
007257,01,2019/06/12,MRK,
007257,01,2019/06/13,MRK,
007257,01,2019/06/14,MRK,0.5500
007257,01,2019/06/17,MRK,
007257,01,2019/06/18,MRK,
007257,01,2019/06/19,MRK,
007257,01,2019/06/20,MRK,
007257,01,2019/06/21,MRK,
007257,01,2019/06/24,MRK,
007257,01,2019/06/25,MRK,
007257,01,2019/06/26,MRK,
007257,01,2019/06/27,MRK,
007257,01,2019/06/28,MRK,
007435,01,2019/04/01,MMM,
007435,01,2019/04/02,MMM,
007435,01,2019/04/03,MMM,
007435,01,2019/04/04,MMM,
007435,01,2019/04/05,MMM,
007435,01,2019/04/08,MMM,
007435,01,2019/04/09,MMM,
007435,01,2019/04/10,MMM,
007435,01,2019/04/11,MMM,
007435,01,2019/04/12,MMM,
007435,01,2019/04/15,MMM,
007435,01,2019/04/16,MMM,
007435,01,2019/04/17,MMM,
007435,01,2019/04/18,MMM,
007435,01,2019/04/22,MMM,
007435,01,2019/04/23,MMM,
007435,01,2019/04/24,MMM,
007435,01,2019/04/25,MMM,
007435,01,2019/04/26,MMM,
007435,01,2019/04/29,MMM,
007435,01,2019/04/30,MMM,
007435,01,2019/05/01,MMM,
007435,01,2019/05/02,MMM,
007435,01,2019/05/03,MMM,
007435,01,2019/05/06,MMM,
007435,01,2019/05/07,MMM,
007435,01,2019/05/08,MMM,
007435,01,2019/05/09,MMM,
007435,01,2019/05/10,MMM,
007435,01,2019/05/13,MMM,
007435,01,2019/05/14,MMM,
007435,01,2019/05/15,MMM,
007435,01,2019/05/16,MMM,
007435,01,2019/05/17,MMM,
007435,01,2019/05/20,MMM,
007435,01,2019/05/21,MMM,
007435,01,2019/05/22,MMM,
007435,01,2019/05/23,MMM,1.4400
007435,01,2019/05/24,MMM,
007435,01,2019/05/28,MMM,
007435,01,2019/05/29,MMM,
007435,01,2019/05/30,MMM,
007435,01,2019/05/31,MMM,
007435,01,2019/06/03,MMM,
007435,01,2019/06/04,MMM,
007435,01,2019/06/05,MMM,
007435,01,2019/06/06,MMM,
007435,01,2019/06/07,MMM,
007435,01,2019/06/10,MMM,
007435,01,2019/06/11,MMM,
007435,01,2019/06/12,MMM,
007435,01,2019/06/13,MMM,
007435,01,2019/06/14,MMM,
007435,01,2019/06/17,MMM,
007435,01,2019/06/18,MMM,
007435,01,2019/06/19,MMM,
007435,01,2019/06/20,MMM,
007435,01,2019/06/21,MMM,
007435,01,2019/06/24,MMM,
007435,01,2019/06/25,MMM,
007435,01,2019/06/26,MMM,
007435,01,2019/06/27,MMM,
007435,01,2019/06/28,MMM,
007906,01,2019/04/01,NKE,
007906,01,2019/04/02,NKE,
007906,01,2019/04/03,NKE,
007906,01,2019/04/04,NKE,
007906,01,2019/04/05,NKE,
007906,01,2019/04/08,NKE,
007906,01,2019/04/09,NKE,
007906,01,2019/04/10,NKE,
007906,01,2019/04/11,NKE,
007906,01,2019/04/12,NKE,
007906,01,2019/04/15,NKE,
007906,01,2019/04/16,NKE,
007906,01,2019/04/17,NKE,
007906,01,2019/04/18,NKE,
007906,01,2019/04/22,NKE,
007906,01,2019/04/23,NKE,
007906,01,2019/04/24,NKE,
007906,01,2019/04/25,NKE,
007906,01,2019/04/26,NKE,
007906,01,2019/04/29,NKE,
007906,01,2019/04/30,NKE,
007906,01,2019/05/01,NKE,
007906,01,2019/05/02,NKE,
007906,01,2019/05/03,NKE,
007906,01,2019/05/06,NKE,
007906,01,2019/05/07,NKE,
007906,01,2019/05/08,NKE,
007906,01,2019/05/09,NKE,
007906,01,2019/05/10,NKE,
007906,01,2019/05/13,NKE,
007906,01,2019/05/14,NKE,
007906,01,2019/05/15,NKE,
007906,01,2019/05/16,NKE,
007906,01,2019/05/17,NKE,
007906,01,2019/05/20,NKE,
007906,01,2019/05/21,NKE,
007906,01,2019/05/22,NKE,
007906,01,2019/05/23,NKE,
007906,01,2019/05/24,NKE,
007906,01,2019/05/28,NKE,
007906,01,2019/05/29,NKE,
007906,01,2019/05/30,NKE,
007906,01,2019/05/31,NKE,0.2200
007906,01,2019/06/03,NKE,
007906,01,2019/06/04,NKE,
007906,01,2019/06/05,NKE,
007906,01,2019/06/06,NKE,
007906,01,2019/06/07,NKE,
007906,01,2019/06/10,NKE,
007906,01,2019/06/11,NKE,
007906,01,2019/06/12,NKE,
007906,01,2019/06/13,NKE,
007906,01,2019/06/14,NKE,
007906,01,2019/06/17,NKE,
007906,01,2019/06/18,NKE,
007906,01,2019/06/19,NKE,
007906,01,2019/06/20,NKE,
007906,01,2019/06/21,NKE,
007906,01,2019/06/24,NKE,
007906,01,2019/06/25,NKE,
007906,01,2019/06/26,NKE,
007906,01,2019/06/27,NKE,
007906,01,2019/06/28,NKE,
008530,01,2019/04/01,PFE,
008530,01,2019/04/02,PFE,
008530,01,2019/04/03,PFE,
008530,01,2019/04/04,PFE,
008530,01,2019/04/05,PFE,
008530,01,2019/04/08,PFE,
008530,01,2019/04/09,PFE,
008530,01,2019/04/10,PFE,
008530,01,2019/04/11,PFE,
008530,01,2019/04/12,PFE,
008530,01,2019/04/15,PFE,
008530,01,2019/04/16,PFE,
008530,01,2019/04/17,PFE,
008530,01,2019/04/18,PFE,
008530,01,2019/04/22,PFE,
008530,01,2019/04/23,PFE,
008530,01,2019/04/24,PFE,
008530,01,2019/04/25,PFE,
008530,01,2019/04/26,PFE,
008530,01,2019/04/29,PFE,
008530,01,2019/04/30,PFE,
008530,01,2019/05/01,PFE,
008530,01,2019/05/02,PFE,
008530,01,2019/05/03,PFE,
008530,01,2019/05/06,PFE,
008530,01,2019/05/07,PFE,
008530,01,2019/05/08,PFE,
008530,01,2019/05/09,PFE,0.3600
008530,01,2019/05/10,PFE,
008530,01,2019/05/13,PFE,
008530,01,2019/05/14,PFE,
008530,01,2019/05/15,PFE,
008530,01,2019/05/16,PFE,
008530,01,2019/05/17,PFE,
008530,01,2019/05/20,PFE,
008530,01,2019/05/21,PFE,
008530,01,2019/05/22,PFE,
008530,01,2019/05/23,PFE,
008530,01,2019/05/24,PFE,
008530,01,2019/05/28,PFE,
008530,01,2019/05/29,PFE,
008530,01,2019/05/30,PFE,
008530,01,2019/05/31,PFE,
008530,01,2019/06/03,PFE,
008530,01,2019/06/04,PFE,
008530,01,2019/06/05,PFE,
008530,01,2019/06/06,PFE,
008530,01,2019/06/07,PFE,
008530,01,2019/06/10,PFE,
008530,01,2019/06/11,PFE,
008530,01,2019/06/12,PFE,
008530,01,2019/06/13,PFE,
008530,01,2019/06/14,PFE,
008530,01,2019/06/17,PFE,
008530,01,2019/06/18,PFE,
008530,01,2019/06/19,PFE,
008530,01,2019/06/20,PFE,
008530,01,2019/06/21,PFE,
008530,01,2019/06/24,PFE,
008530,01,2019/06/25,PFE,
008530,01,2019/06/26,PFE,
008530,01,2019/06/27,PFE,
008530,01,2019/06/28,PFE,
008762,01,2019/04/01,PG,
008762,01,2019/04/02,PG,
008762,01,2019/04/03,PG,
008762,01,2019/04/04,PG,
008762,01,2019/04/05,PG,
008762,01,2019/04/08,PG,
008762,01,2019/04/09,PG,
008762,01,2019/04/10,PG,
008762,01,2019/04/11,PG,
008762,01,2019/04/12,PG,
008762,01,2019/04/15,PG,
008762,01,2019/04/16,PG,
008762,01,2019/04/17,PG,0.7459
008762,01,2019/04/18,PG,
008762,01,2019/04/22,PG,
008762,01,2019/04/23,PG,
008762,01,2019/04/24,PG,
008762,01,2019/04/25,PG,
008762,01,2019/04/26,PG,
008762,01,2019/04/29,PG,
008762,01,2019/04/30,PG,
008762,01,2019/05/01,PG,
008762,01,2019/05/02,PG,
008762,01,2019/05/03,PG,
008762,01,2019/05/06,PG,
008762,01,2019/05/07,PG,
008762,01,2019/05/08,PG,
008762,01,2019/05/09,PG,
008762,01,2019/05/10,PG,
008762,01,2019/05/13,PG,
008762,01,2019/05/14,PG,
008762,01,2019/05/15,PG,
008762,01,2019/05/16,PG,
008762,01,2019/05/17,PG,
008762,01,2019/05/20,PG,
008762,01,2019/05/21,PG,
008762,01,2019/05/22,PG,
008762,01,2019/05/23,PG,
008762,01,2019/05/24,PG,
008762,01,2019/05/28,PG,
008762,01,2019/05/29,PG,
008762,01,2019/05/30,PG,
008762,01,2019/05/31,PG,
008762,01,2019/06/03,PG,
008762,01,2019/06/04,PG,
008762,01,2019/06/05,PG,
008762,01,2019/06/06,PG,
008762,01,2019/06/07,PG,
008762,01,2019/06/10,PG,
008762,01,2019/06/11,PG,
008762,01,2019/06/12,PG,
008762,01,2019/06/13,PG,
008762,01,2019/06/14,PG,
008762,01,2019/06/17,PG,
008762,01,2019/06/18,PG,
008762,01,2019/06/19,PG,
008762,01,2019/06/20,PG,
008762,01,2019/06/21,PG,
008762,01,2019/06/24,PG,
008762,01,2019/06/25,PG,
008762,01,2019/06/26,PG,
008762,01,2019/06/27,PG,
008762,01,2019/06/28,PG,
010903,01,2019/04/01,UNH,
010903,01,2019/04/02,UNH,
010903,01,2019/04/03,UNH,
010903,01,2019/04/04,UNH,
010903,01,2019/04/05,UNH,
010903,01,2019/04/08,UNH,
010903,01,2019/04/09,UNH,
010903,01,2019/04/10,UNH,
010903,01,2019/04/11,UNH,
010903,01,2019/04/12,UNH,
010903,01,2019/04/15,UNH,
010903,01,2019/04/16,UNH,
010903,01,2019/04/17,UNH,
010903,01,2019/04/18,UNH,
010903,01,2019/04/22,UNH,
010903,01,2019/04/23,UNH,
010903,01,2019/04/24,UNH,
010903,01,2019/04/25,UNH,
010903,01,2019/04/26,UNH,
010903,01,2019/04/29,UNH,
010903,01,2019/04/30,UNH,
010903,01,2019/05/01,UNH,
010903,01,2019/05/02,UNH,
010903,01,2019/05/03,UNH,
010903,01,2019/05/06,UNH,
010903,01,2019/05/07,UNH,
010903,01,2019/05/08,UNH,
010903,01,2019/05/09,UNH,
010903,01,2019/05/10,UNH,
010903,01,2019/05/13,UNH,
010903,01,2019/05/14,UNH,
010903,01,2019/05/15,UNH,
010903,01,2019/05/16,UNH,
010903,01,2019/05/17,UNH,
010903,01,2019/05/20,UNH,
010903,01,2019/05/21,UNH,
010903,01,2019/05/22,UNH,
010903,01,2019/05/23,UNH,
010903,01,2019/05/24,UNH,
010903,01,2019/05/28,UNH,
010903,01,2019/05/29,UNH,
010903,01,2019/05/30,UNH,
010903,01,2019/05/31,UNH,
010903,01,2019/06/03,UNH,
010903,01,2019/06/04,UNH,
010903,01,2019/06/05,UNH,
010903,01,2019/06/06,UNH,
010903,01,2019/06/07,UNH,
010903,01,2019/06/10,UNH,
010903,01,2019/06/11,UNH,
010903,01,2019/06/12,UNH,
010903,01,2019/06/13,UNH,
010903,01,2019/06/14,UNH,1.0800
010903,01,2019/06/17,UNH,
010903,01,2019/06/18,UNH,
010903,01,2019/06/19,UNH,
010903,01,2019/06/20,UNH,
010903,01,2019/06/21,UNH,
010903,01,2019/06/24,UNH,
010903,01,2019/06/25,UNH,
010903,01,2019/06/26,UNH,
010903,01,2019/06/27,UNH,
010903,01,2019/06/28,UNH,
011259,01,2019/04/01,WMT,
011259,01,2019/04/02,WMT,
011259,01,2019/04/03,WMT,
011259,01,2019/04/04,WMT,
011259,01,2019/04/05,WMT,
011259,01,2019/04/08,WMT,
011259,01,2019/04/09,WMT,
011259,01,2019/04/10,WMT,
011259,01,2019/04/11,WMT,
011259,01,2019/04/12,WMT,
011259,01,2019/04/15,WMT,
011259,01,2019/04/16,WMT,
011259,01,2019/04/17,WMT,
011259,01,2019/04/18,WMT,
011259,01,2019/04/22,WMT,
011259,01,2019/04/23,WMT,
011259,01,2019/04/24,WMT,
011259,01,2019/04/25,WMT,
011259,01,2019/04/26,WMT,
011259,01,2019/04/29,WMT,
011259,01,2019/04/30,WMT,
011259,01,2019/05/01,WMT,
011259,01,2019/05/02,WMT,
011259,01,2019/05/03,WMT,
011259,01,2019/05/06,WMT,
011259,01,2019/05/07,WMT,
011259,01,2019/05/08,WMT,
011259,01,2019/05/09,WMT,0.5300
011259,01,2019/05/10,WMT,
011259,01,2019/05/13,WMT,
011259,01,2019/05/14,WMT,
011259,01,2019/05/15,WMT,
011259,01,2019/05/16,WMT,
011259,01,2019/05/17,WMT,
011259,01,2019/05/20,WMT,
011259,01,2019/05/21,WMT,
011259,01,2019/05/22,WMT,
011259,01,2019/05/23,WMT,
011259,01,2019/05/24,WMT,
011259,01,2019/05/28,WMT,
011259,01,2019/05/29,WMT,
011259,01,2019/05/30,WMT,
011259,01,2019/05/31,WMT,
011259,01,2019/06/03,WMT,
011259,01,2019/06/04,WMT,
011259,01,2019/06/05,WMT,
011259,01,2019/06/06,WMT,
011259,01,2019/06/07,WMT,
011259,01,2019/06/10,WMT,
011259,01,2019/06/11,WMT,
011259,01,2019/06/12,WMT,
011259,01,2019/06/13,WMT,
011259,01,2019/06/14,WMT,
011259,01,2019/06/17,WMT,
011259,01,2019/06/18,WMT,
011259,01,2019/06/19,WMT,
011259,01,2019/06/20,WMT,
011259,01,2019/06/21,WMT,
011259,01,2019/06/24,WMT,
011259,01,2019/06/25,WMT,
011259,01,2019/06/26,WMT,
011259,01,2019/06/27,WMT,
011259,01,2019/06/28,WMT,
012141,01,2019/04/01,MSFT,
012141,01,2019/04/02,MSFT,
012141,01,2019/04/03,MSFT,
012141,01,2019/04/04,MSFT,
012141,01,2019/04/05,MSFT,
012141,01,2019/04/08,MSFT,
012141,01,2019/04/09,MSFT,
012141,01,2019/04/10,MSFT,
012141,01,2019/04/11,MSFT,
012141,01,2019/04/12,MSFT,
012141,01,2019/04/15,MSFT,
012141,01,2019/04/16,MSFT,
012141,01,2019/04/17,MSFT,
012141,01,2019/04/18,MSFT,
012141,01,2019/04/22,MSFT,
012141,01,2019/04/23,MSFT,
012141,01,2019/04/24,MSFT,
012141,01,2019/04/25,MSFT,
012141,01,2019/04/26,MSFT,
012141,01,2019/04/29,MSFT,
012141,01,2019/04/30,MSFT,
012141,01,2019/05/01,MSFT,
012141,01,2019/05/02,MSFT,
012141,01,2019/05/03,MSFT,
012141,01,2019/05/06,MSFT,
012141,01,2019/05/07,MSFT,
012141,01,2019/05/08,MSFT,
012141,01,2019/05/09,MSFT,
012141,01,2019/05/10,MSFT,
012141,01,2019/05/13,MSFT,
012141,01,2019/05/14,MSFT,
012141,01,2019/05/15,MSFT,0.4600
012141,01,2019/05/16,MSFT,
012141,01,2019/05/17,MSFT,
012141,01,2019/05/20,MSFT,
012141,01,2019/05/21,MSFT,
012141,01,2019/05/22,MSFT,
012141,01,2019/05/23,MSFT,
012141,01,2019/05/24,MSFT,
012141,01,2019/05/28,MSFT,
012141,01,2019/05/29,MSFT,
012141,01,2019/05/30,MSFT,
012141,01,2019/05/31,MSFT,
012141,01,2019/06/03,MSFT,
012141,01,2019/06/04,MSFT,
012141,01,2019/06/05,MSFT,
012141,01,2019/06/06,MSFT,
012141,01,2019/06/07,MSFT,
012141,01,2019/06/10,MSFT,
012141,01,2019/06/11,MSFT,
012141,01,2019/06/12,MSFT,
012141,01,2019/06/13,MSFT,
012141,01,2019/06/14,MSFT,
012141,01,2019/06/17,MSFT,
012141,01,2019/06/18,MSFT,
012141,01,2019/06/19,MSFT,
012141,01,2019/06/20,MSFT,
012141,01,2019/06/21,MSFT,
012141,01,2019/06/24,MSFT,
012141,01,2019/06/25,MSFT,
012141,01,2019/06/26,MSFT,
012141,01,2019/06/27,MSFT,
012141,01,2019/06/28,MSFT,
020779,01,2019/04/01,CSCO,
020779,01,2019/04/02,CSCO,
020779,01,2019/04/03,CSCO,
020779,01,2019/04/04,CSCO,0.3500
020779,01,2019/04/05,CSCO,
020779,01,2019/04/08,CSCO,
020779,01,2019/04/09,CSCO,
020779,01,2019/04/10,CSCO,
020779,01,2019/04/11,CSCO,
020779,01,2019/04/12,CSCO,
020779,01,2019/04/15,CSCO,
020779,01,2019/04/16,CSCO,
020779,01,2019/04/17,CSCO,
020779,01,2019/04/18,CSCO,
020779,01,2019/04/22,CSCO,
020779,01,2019/04/23,CSCO,
020779,01,2019/04/24,CSCO,
020779,01,2019/04/25,CSCO,
020779,01,2019/04/26,CSCO,
020779,01,2019/04/29,CSCO,
020779,01,2019/04/30,CSCO,
020779,01,2019/05/01,CSCO,
020779,01,2019/05/02,CSCO,
020779,01,2019/05/03,CSCO,
020779,01,2019/05/06,CSCO,
020779,01,2019/05/07,CSCO,
020779,01,2019/05/08,CSCO,
020779,01,2019/05/09,CSCO,
020779,01,2019/05/10,CSCO,
020779,01,2019/05/13,CSCO,
020779,01,2019/05/14,CSCO,
020779,01,2019/05/15,CSCO,
020779,01,2019/05/16,CSCO,
020779,01,2019/05/17,CSCO,
020779,01,2019/05/20,CSCO,
020779,01,2019/05/21,CSCO,
020779,01,2019/05/22,CSCO,
020779,01,2019/05/23,CSCO,
020779,01,2019/05/24,CSCO,
020779,01,2019/05/28,CSCO,
020779,01,2019/05/29,CSCO,
020779,01,2019/05/30,CSCO,
020779,01,2019/05/31,CSCO,
020779,01,2019/06/03,CSCO,
020779,01,2019/06/04,CSCO,
020779,01,2019/06/05,CSCO,
020779,01,2019/06/06,CSCO,
020779,01,2019/06/07,CSCO,
020779,01,2019/06/10,CSCO,
020779,01,2019/06/11,CSCO,
020779,01,2019/06/12,CSCO,
020779,01,2019/06/13,CSCO,
020779,01,2019/06/14,CSCO,
020779,01,2019/06/17,CSCO,
020779,01,2019/06/18,CSCO,
020779,01,2019/06/19,CSCO,
020779,01,2019/06/20,CSCO,
020779,01,2019/06/21,CSCO,
020779,01,2019/06/24,CSCO,
020779,01,2019/06/25,CSCO,
020779,01,2019/06/26,CSCO,
020779,01,2019/06/27,CSCO,
020779,01,2019/06/28,CSCO,
062689,05,2019/04/01,TRV,
062689,05,2019/04/02,TRV,
062689,05,2019/04/03,TRV,
062689,05,2019/04/04,TRV,
062689,05,2019/04/05,TRV,
062689,05,2019/04/08,TRV,
062689,05,2019/04/09,TRV,
062689,05,2019/04/10,TRV,
062689,05,2019/04/11,TRV,
062689,05,2019/04/12,TRV,
062689,05,2019/04/15,TRV,
062689,05,2019/04/16,TRV,
062689,05,2019/04/17,TRV,
062689,05,2019/04/18,TRV,
062689,05,2019/04/22,TRV,
062689,05,2019/04/23,TRV,
062689,05,2019/04/24,TRV,
062689,05,2019/04/25,TRV,
062689,05,2019/04/26,TRV,
062689,05,2019/04/29,TRV,
062689,05,2019/04/30,TRV,
062689,05,2019/05/01,TRV,
062689,05,2019/05/02,TRV,
062689,05,2019/05/03,TRV,
062689,05,2019/05/06,TRV,
062689,05,2019/05/07,TRV,
062689,05,2019/05/08,TRV,
062689,05,2019/05/09,TRV,
062689,05,2019/05/10,TRV,
062689,05,2019/05/13,TRV,
062689,05,2019/05/14,TRV,
062689,05,2019/05/15,TRV,
062689,05,2019/05/16,TRV,
062689,05,2019/05/17,TRV,
062689,05,2019/05/20,TRV,
062689,05,2019/05/21,TRV,
062689,05,2019/05/22,TRV,
062689,05,2019/05/23,TRV,
062689,05,2019/05/24,TRV,
062689,05,2019/05/28,TRV,
062689,05,2019/05/29,TRV,
062689,05,2019/05/30,TRV,
062689,05,2019/05/31,TRV,
062689,05,2019/06/03,TRV,
062689,05,2019/06/04,TRV,
062689,05,2019/06/05,TRV,
062689,05,2019/06/06,TRV,
062689,05,2019/06/07,TRV,0.8200
062689,05,2019/06/10,TRV,
062689,05,2019/06/11,TRV,
062689,05,2019/06/12,TRV,
062689,05,2019/06/13,TRV,
062689,05,2019/06/14,TRV,
062689,05,2019/06/17,TRV,
062689,05,2019/06/18,TRV,
062689,05,2019/06/19,TRV,
062689,05,2019/06/20,TRV,
062689,05,2019/06/21,TRV,
062689,05,2019/06/24,TRV,
062689,05,2019/06/25,TRV,
062689,05,2019/06/26,TRV,
062689,05,2019/06/27,TRV,
062689,05,2019/06/28,TRV,
114628,01,2019/04/01,GS,
114628,01,2019/04/02,GS,
114628,01,2019/04/03,GS,
114628,01,2019/04/04,GS,
114628,01,2019/04/05,GS,
114628,01,2019/04/08,GS,
114628,01,2019/04/09,GS,
114628,01,2019/04/10,GS,
114628,01,2019/04/11,GS,
114628,01,2019/04/12,GS,
114628,01,2019/04/15,GS,
114628,01,2019/04/16,GS,
114628,01,2019/04/17,GS,
114628,01,2019/04/18,GS,
114628,01,2019/04/22,GS,
114628,01,2019/04/23,GS,
114628,01,2019/04/24,GS,
114628,01,2019/04/25,GS,
114628,01,2019/04/26,GS,
114628,01,2019/04/29,GS,
114628,01,2019/04/30,GS,
114628,01,2019/05/01,GS,
114628,01,2019/05/02,GS,
114628,01,2019/05/03,GS,
114628,01,2019/05/06,GS,
114628,01,2019/05/07,GS,
114628,01,2019/05/08,GS,
114628,01,2019/05/09,GS,
114628,01,2019/05/10,GS,
114628,01,2019/05/13,GS,
114628,01,2019/05/14,GS,
114628,01,2019/05/15,GS,
114628,01,2019/05/16,GS,
114628,01,2019/05/17,GS,
114628,01,2019/05/20,GS,
114628,01,2019/05/21,GS,
114628,01,2019/05/22,GS,
114628,01,2019/05/23,GS,
114628,01,2019/05/24,GS,
114628,01,2019/05/28,GS,
114628,01,2019/05/29,GS,0.8500
114628,01,2019/05/30,GS,
114628,01,2019/05/31,GS,
114628,01,2019/06/03,GS,
114628,01,2019/06/04,GS,
114628,01,2019/06/05,GS,
114628,01,2019/06/06,GS,
114628,01,2019/06/07,GS,
114628,01,2019/06/10,GS,
114628,01,2019/06/11,GS,
114628,01,2019/06/12,GS,
114628,01,2019/06/13,GS,
114628,01,2019/06/14,GS,
114628,01,2019/06/17,GS,
114628,01,2019/06/18,GS,
114628,01,2019/06/19,GS,
114628,01,2019/06/20,GS,
114628,01,2019/06/21,GS,
114628,01,2019/06/24,GS,
114628,01,2019/06/25,GS,
114628,01,2019/06/26,GS,
114628,01,2019/06/27,GS,
114628,01,2019/06/28,GS,
114628,41,2019/04/01,GS.PJ,
114628,41,2019/04/02,GS.PJ,
114628,41,2019/04/03,GS.PJ,
114628,41,2019/04/04,GS.PJ,
114628,41,2019/04/05,GS.PJ,
114628,41,2019/04/08,GS.PJ,
114628,41,2019/04/09,GS.PJ,
114628,41,2019/04/10,GS.PJ,
114628,41,2019/04/11,GS.PJ,
114628,41,2019/04/12,GS.PJ,
114628,41,2019/04/15,GS.PJ,
114628,41,2019/04/16,GS.PJ,
114628,41,2019/04/17,GS.PJ,
114628,41,2019/04/18,GS.PJ,
114628,41,2019/04/22,GS.PJ,
114628,41,2019/04/23,GS.PJ,
114628,41,2019/04/24,GS.PJ,0.3438
114628,41,2019/04/25,GS.PJ,
114628,41,2019/04/26,GS.PJ,
114628,41,2019/04/29,GS.PJ,
114628,41,2019/04/30,GS.PJ,
114628,41,2019/05/01,GS.PJ,
114628,41,2019/05/02,GS.PJ,
114628,41,2019/05/03,GS.PJ,
114628,41,2019/05/06,GS.PJ,
114628,41,2019/05/07,GS.PJ,
114628,41,2019/05/08,GS.PJ,
114628,41,2019/05/09,GS.PJ,
114628,41,2019/05/10,GS.PJ,
114628,41,2019/05/13,GS.PJ,
114628,41,2019/05/14,GS.PJ,
114628,41,2019/05/15,GS.PJ,
114628,41,2019/05/16,GS.PJ,
114628,41,2019/05/17,GS.PJ,
114628,41,2019/05/20,GS.PJ,
114628,41,2019/05/21,GS.PJ,
114628,41,2019/05/22,GS.PJ,
114628,41,2019/05/23,GS.PJ,
114628,41,2019/05/24,GS.PJ,
114628,41,2019/05/28,GS.PJ,
114628,41,2019/05/29,GS.PJ,
114628,41,2019/05/30,GS.PJ,
114628,41,2019/05/31,GS.PJ,
114628,41,2019/06/03,GS.PJ,
114628,41,2019/06/04,GS.PJ,
114628,41,2019/06/05,GS.PJ,
114628,41,2019/06/06,GS.PJ,
114628,41,2019/06/07,GS.PJ,
114628,41,2019/06/10,GS.PJ,
114628,41,2019/06/11,GS.PJ,
114628,41,2019/06/12,GS.PJ,
114628,41,2019/06/13,GS.PJ,
114628,41,2019/06/14,GS.PJ,
114628,41,2019/06/17,GS.PJ,
114628,41,2019/06/18,GS.PJ,
114628,41,2019/06/19,GS.PJ,
114628,41,2019/06/20,GS.PJ,
114628,41,2019/06/21,GS.PJ,
114628,41,2019/06/24,GS.PJ,
114628,41,2019/06/25,GS.PJ,
114628,41,2019/06/26,GS.PJ,
114628,41,2019/06/27,GS.PJ,
114628,41,2019/06/28,GS.PJ,
114628,43,2019/04/01,GS.PK,
114628,43,2019/04/02,GS.PK,
114628,43,2019/04/03,GS.PK,
114628,43,2019/04/04,GS.PK,
114628,43,2019/04/05,GS.PK,
114628,43,2019/04/08,GS.PK,
114628,43,2019/04/09,GS.PK,
114628,43,2019/04/10,GS.PK,
114628,43,2019/04/11,GS.PK,
114628,43,2019/04/12,GS.PK,
114628,43,2019/04/15,GS.PK,
114628,43,2019/04/16,GS.PK,
114628,43,2019/04/17,GS.PK,
114628,43,2019/04/18,GS.PK,
114628,43,2019/04/22,GS.PK,
114628,43,2019/04/23,GS.PK,
114628,43,2019/04/24,GS.PK,0.3984
114628,43,2019/04/25,GS.PK,
114628,43,2019/04/26,GS.PK,
114628,43,2019/04/29,GS.PK,
114628,43,2019/04/30,GS.PK,
114628,43,2019/05/01,GS.PK,
114628,43,2019/05/02,GS.PK,
114628,43,2019/05/03,GS.PK,
114628,43,2019/05/06,GS.PK,
114628,43,2019/05/07,GS.PK,
114628,43,2019/05/08,GS.PK,
114628,43,2019/05/09,GS.PK,
114628,43,2019/05/10,GS.PK,
114628,43,2019/05/13,GS.PK,
114628,43,2019/05/14,GS.PK,
114628,43,2019/05/15,GS.PK,
114628,43,2019/05/16,GS.PK,
114628,43,2019/05/17,GS.PK,
114628,43,2019/05/20,GS.PK,
114628,43,2019/05/21,GS.PK,
114628,43,2019/05/22,GS.PK,
114628,43,2019/05/23,GS.PK,
114628,43,2019/05/24,GS.PK,
114628,43,2019/05/28,GS.PK,
114628,43,2019/05/29,GS.PK,
114628,43,2019/05/30,GS.PK,
114628,43,2019/05/31,GS.PK,
114628,43,2019/06/03,GS.PK,
114628,43,2019/06/04,GS.PK,
114628,43,2019/06/05,GS.PK,
114628,43,2019/06/06,GS.PK,
114628,43,2019/06/07,GS.PK,
114628,43,2019/06/10,GS.PK,
114628,43,2019/06/11,GS.PK,
114628,43,2019/06/12,GS.PK,
114628,43,2019/06/13,GS.PK,
114628,43,2019/06/14,GS.PK,
114628,43,2019/06/17,GS.PK,
114628,43,2019/06/18,GS.PK,
114628,43,2019/06/19,GS.PK,
114628,43,2019/06/20,GS.PK,
114628,43,2019/06/21,GS.PK,
114628,43,2019/06/24,GS.PK,
114628,43,2019/06/25,GS.PK,
114628,43,2019/06/26,GS.PK,
114628,43,2019/06/27,GS.PK,
114628,43,2019/06/28,GS.PK,
114628,51,2019/04/01,GS.PN,
114628,51,2019/04/02,GS.PN,
114628,51,2019/04/03,GS.PN,
114628,51,2019/04/04,GS.PN,
114628,51,2019/04/05,GS.PN,
114628,51,2019/04/08,GS.PN,
114628,51,2019/04/09,GS.PN,
114628,51,2019/04/10,GS.PN,
114628,51,2019/04/11,GS.PN,
114628,51,2019/04/12,GS.PN,
114628,51,2019/04/15,GS.PN,
114628,51,2019/04/16,GS.PN,
114628,51,2019/04/17,GS.PN,
114628,51,2019/04/18,GS.PN,
114628,51,2019/04/22,GS.PN,
114628,51,2019/04/23,GS.PN,
114628,51,2019/04/24,GS.PN,0.3938
114628,51,2019/04/25,GS.PN,
114628,51,2019/04/26,GS.PN,
114628,51,2019/04/29,GS.PN,
114628,51,2019/04/30,GS.PN,
114628,51,2019/05/01,GS.PN,
114628,51,2019/05/02,GS.PN,
114628,51,2019/05/03,GS.PN,
114628,51,2019/05/06,GS.PN,
114628,51,2019/05/07,GS.PN,
114628,51,2019/05/08,GS.PN,
114628,51,2019/05/09,GS.PN,
114628,51,2019/05/10,GS.PN,
114628,51,2019/05/13,GS.PN,
114628,51,2019/05/14,GS.PN,
114628,51,2019/05/15,GS.PN,
114628,51,2019/05/16,GS.PN,
114628,51,2019/05/17,GS.PN,
114628,51,2019/05/20,GS.PN,
114628,51,2019/05/21,GS.PN,
114628,51,2019/05/22,GS.PN,
114628,51,2019/05/23,GS.PN,
114628,51,2019/05/24,GS.PN,
114628,51,2019/05/28,GS.PN,
114628,51,2019/05/29,GS.PN,
114628,51,2019/05/30,GS.PN,
114628,51,2019/05/31,GS.PN,
114628,51,2019/06/03,GS.PN,
114628,51,2019/06/04,GS.PN,
114628,51,2019/06/05,GS.PN,
114628,51,2019/06/06,GS.PN,
114628,51,2019/06/07,GS.PN,
114628,51,2019/06/10,GS.PN,
114628,51,2019/06/11,GS.PN,
114628,51,2019/06/12,GS.PN,
114628,51,2019/06/13,GS.PN,
114628,51,2019/06/14,GS.PN,
114628,51,2019/06/17,GS.PN,
114628,51,2019/06/18,GS.PN,
114628,51,2019/06/19,GS.PN,
114628,51,2019/06/20,GS.PN,
114628,51,2019/06/21,GS.PN,
114628,51,2019/06/24,GS.PN,
114628,51,2019/06/25,GS.PN,
114628,51,2019/06/26,GS.PN,
114628,51,2019/06/27,GS.PN,
114628,51,2019/06/28,GS.PN,
179534,01,2019/04/01,V,
179534,01,2019/04/02,V,
179534,01,2019/04/03,V,
179534,01,2019/04/04,V,
179534,01,2019/04/05,V,
179534,01,2019/04/08,V,
179534,01,2019/04/09,V,
179534,01,2019/04/10,V,
179534,01,2019/04/11,V,
179534,01,2019/04/12,V,
179534,01,2019/04/15,V,
179534,01,2019/04/16,V,
179534,01,2019/04/17,V,
179534,01,2019/04/18,V,
179534,01,2019/04/22,V,
179534,01,2019/04/23,V,
179534,01,2019/04/24,V,
179534,01,2019/04/25,V,
179534,01,2019/04/26,V,
179534,01,2019/04/29,V,
179534,01,2019/04/30,V,
179534,01,2019/05/01,V,
179534,01,2019/05/02,V,
179534,01,2019/05/03,V,
179534,01,2019/05/06,V,
179534,01,2019/05/07,V,
179534,01,2019/05/08,V,
179534,01,2019/05/09,V,
179534,01,2019/05/10,V,
179534,01,2019/05/13,V,
179534,01,2019/05/14,V,
179534,01,2019/05/15,V,
179534,01,2019/05/16,V,0.2500
179534,01,2019/05/17,V,
179534,01,2019/05/20,V,
179534,01,2019/05/21,V,
179534,01,2019/05/22,V,
179534,01,2019/05/23,V,
179534,01,2019/05/24,V,
179534,01,2019/05/28,V,
179534,01,2019/05/29,V,
179534,01,2019/05/30,V,
179534,01,2019/05/31,V,
179534,01,2019/06/03,V,
179534,01,2019/06/04,V,
179534,01,2019/06/05,V,
179534,01,2019/06/06,V,
179534,01,2019/06/07,V,
179534,01,2019/06/10,V,
179534,01,2019/06/11,V,
179534,01,2019/06/12,V,
179534,01,2019/06/13,V,
179534,01,2019/06/14,V,
179534,01,2019/06/17,V,
179534,01,2019/06/18,V,
179534,01,2019/06/19,V,
179534,01,2019/06/20,V,
179534,01,2019/06/21,V,
179534,01,2019/06/24,V,
179534,01,2019/06/25,V,
179534,01,2019/06/26,V,
179534,01,2019/06/27,V,
179534,01,2019/06/28,V,
